symbol,exchange,type,organ_short_name,organ_name,product_grp_id,icb_code
AAA,HSX,STOCK,An Phát Bioplastics,Công ty Cổ phần Nhựa An Phát Xanh,STO,1353
AAM,HSX,STOCK,Thủy sản Mekong,Công ty Cổ Phần Thủy Sản MeKong,STO,3573
AAT,HSX,STOCK,Tập đoàn Tiên Sơn Thanh Hóa,Công ty Cổ phần Tập đoàn Tiên Sơn Thanh Hóa,STO,3763
ABR,HSX,STOCK,Đầu tư Nhãn Hiệu Việt,Công ty Cổ phần Đầu tư Nhãn Hiệu Việt,STO,2791
ABS,HSX,STOCK,DV Nông nghiệp Bình Thuận,Công ty Cổ phần Dịch vụ Nông nghiệp Bình Thuận,STO,1357
ABT,HSX,STOCK,Thủy sản Bến Tre,Công ty Cổ phần Xuất nhập khẩu Thủy sản Bến Tre,STO,3573
ACB,HSX,STOCK,ACB,Ngân hàng Thương mại Cổ phần Á Châu,STO,8355
ACC,HSX,STOCK,Đầu tư và XD Bình Dương ACC,Công ty Cổ phần Đầu tư và Xây dựng Bình Dương ACC,STO,2353
ACG,HSX,STOCK,Gỗ An Cường,Công ty Cổ phần Gỗ An Cường,STO,1733
ACL,HSX,STOCK,Thủy sản CL An Giang,Công ty Cổ phần Xuất nhập khẩu Thủy sản Cửu Long An Giang,STO,3573
ADG,HSX,STOCK,Clever Group,Công ty Cổ phần Clever Group,STO,5555
ADP,HSX,STOCK,Sơn Á Đông,Công ty Cổ phần Sơn Á Đông,STO,2353
ADS,HSX,STOCK,Dệt sợi DAMSAN,Công ty Cổ phần DAMSAN,STO,3763
AGG,HSX,STOCK,Bất động sản An Gia,Công ty Cổ phần Đầu tư và Phát triển Bất động sản An Gia,STO,8633
AGR,HSX,STOCK,Agriseco,Công ty Cổ phần Chứng khoán AGRIBANK,STO,8777
ANV,HSX,STOCK,Thủy sản Nam Việt,Công ty Cổ phần Nam Việt,STO,3573
APG,HSX,STOCK,Chứng khoán APG,Công ty Cổ phần Chứng khoán APG,STO,8777
APH,HSX,STOCK,Tập đoàn An Phát Holdings,Công ty Cổ phần Tập đoàn An Phát Holdings,STO,2723
ASG,HSX,STOCK,Tập đoàn ASG,Công ty Cổ phần Tập đoàn ASG,STO,2777
ASM,HSX,STOCK,Tập đoàn Sao Mai,Công ty Cổ phần Tập đoàn Sao Mai,STO,3573
ASP,HSX,STOCK,Dầu khí An Pha,Công ty Cổ phần Tập đoàn Dầu khí An Pha,STO,7573
AST,HSX,STOCK,Dịch vụ Hàng không Taseco,Công ty Cổ phần Dịch vụ Hàng không Taseco,STO,5379
BAF,HSX,STOCK,Nông nghiệp BAF Việt Nam,Công ty Cổ phần Nông nghiệp BAF Việt Nam,STO,3573
BBC,HSX,STOCK,Bánh kẹo BIBICA,Công ty Cổ phần Bibica,STO,3577
BCE,HSX,STOCK,XD và GT Bình Dương,Công ty Cổ phần Xây dựng và Giao thông Bình Dương,STO,2357
BCG,HSX,STOCK,Bamboo Capital,Công ty Cổ phần Tập đoàn Bamboo Capital,STO,8775
BCM,HSX,STOCK,Becamex Group,Tập đoàn Đầu tư và Phát triển Công nghiệp Becamex - CTCP,STO,8633
BFC,HSX,STOCK,Phân bón Bình Điền,Công ty Cổ phần Phân bón Bình Điền,STO,1357
BHN,HSX,STOCK,HABECO,Tổng Công ty Cổ phần Bia - Rượu - Nước giải khát Hà Nội,STO,3533
BIC,HSX,STOCK,Bảo hiểm BIDV,Tổng Công ty Cổ phần Bảo hiểm Ngân hàng Đầu tư và Phát triển Việt Nam,STO,8536
BID,HSX,STOCK,BIDV,Ngân hàng Thương mại Cổ phần Đầu tư và Phát triển Việt Nam,STO,8355
BKG,HSX,STOCK,Đầu tư BKG Việt Nam,Công ty Cổ phần Đầu tư BKG Việt Nam,STO,3726
BMC,HSX,STOCK,Khoáng sản Bình Định,Công ty Cổ phần Khoáng sản Bình Định,STO,1775
BMI,HSX,STOCK,Bảo hiểm Bảo Minh,Tổng Công ty Cổ phần Bảo Minh,STO,8536
BMP,HSX,STOCK,Nhựa Bình Minh,Công ty Cổ phần Nhựa Bình Minh,STO,2353
BRC,HSX,STOCK,Cao su Bến Thành,Công ty Cổ phần Cao su Bến Thành,STO,1353
BSI,HSX,STOCK,Chứng khoán BIDV,Công ty Cổ phần Chứng khoán BIDV,STO,8777
BSR,HSX,STOCK,Lọc Hóa dầu Bình Sơn,Công ty Cổ phần Lọc Hóa dầu Bình Sơn,STO,0533
BTP,HSX,STOCK,Nhiệt điện Bà Rịa,Công ty Cổ phần Nhiệt điện Bà Rịa,STO,7535
BTT,HSX,STOCK,TM - DV Bến Thành,Công ty Cổ phần Thương mại - Dịch vụ Bến Thành,STO,5373
BVH,HSX,STOCK,Tập đoàn Bảo Việt,Tập đoàn Bảo Việt,STO,8575
BWE,HSX,STOCK,Nước - Môi trường Bình Dương,Công ty Cổ phần - Tổng công ty Nước - Môi trường Bình Dương,STO,7577
C32,HSX,STOCK,Đầu tư và Xây dựng 3-2,Công ty Cổ phần Đầu tư và Xây dựng 3-2,STO,2353
C47,HSX,STOCK,Xây dựng 47,Công ty Cổ phần Xây dựng 47,STO,2357
CACB2502,HSX,CW,Chứng quyền ACB/15M/SSI/C/EU/Cash-18,Chứng quyền ACB/15M/SSI/C/EU/Cash-18,STO,
CACB2503,HSX,CW,CACB2503 - Chứng quyền,CACB2503 - Chứng quyền,STO,
CACB2508,HSX,CW,Chứng quyền ACB/7M/SSI/C/EU/Cash-19,Chứng quyền ACB/7M/SSI/C/EU/Cash-19,STO,
CACB2509,HSX,CW,Chứng quyền ACB/VPBANKS/C/EU/7M/CASH/25-01,Chứng quyền ACB/VPBANKS/C/EU/7M/CASH/25-01,STO,
CACB2510,HSX,CW,Chứng quyền ACB/12M/SSI/C/EU/Cash-20,Chứng quyền ACB/12M/SSI/C/EU/Cash-20,STO,
CACB2511,HSX,CW,Chứng quyền ACB/15M/SSI/C/EU/Cash-20,Chứng quyền ACB/15M/SSI/C/EU/Cash-20,STO,
CACB2512,HSX,CW,Chứng quyền ACB/MBS/C/EU/CASH/6M/25-01,Chứng quyền ACB/MBS/C/EU/CASH/6M/25-01,STO,
CACB2513,HSX,CW,Chứng quyền.ACB.VND.M.CA.T.2025.1,Chứng quyền.ACB.VND.M.CA.T.2025.1,STO,
CACB2514,HSX,CW,Chứng quyền.ACB.VND.M.CA.T.2025.2,Chứng quyền.ACB.VND.M.CA.T.2025.2,STO,
CACB2515,HSX,CW,Chứng quyền.ACB.VND.M.CA.T.2025.3,Chứng quyền.ACB.VND.M.CA.T.2025.3,STO,
CACB2516,HSX,CW,Chứng quyền ACB/12M/KAFI/C/EU/CASH/2501,Chứng quyền ACB/12M/KAFI/C/EU/CASH/2501,STO,
CACB2517,HSX,CW,Chứng quyền ACB/15M/KAFI/C/EU/CASH/2502,Chứng quyền ACB/15M/KAFI/C/EU/CASH/2502,STO,
CCC,HSX,STOCK,Xây Dựng CDC,Công ty Cổ Phần Xây Dựng CDC,STO,2357
CCI,HSX,STOCK,CIDICO,Công ty Cổ phần Đầu tư Phát triển Công nghiệp Thương mại Củ Chi,STO,7573
CCL,HSX,STOCK,ĐT & PT Đô thị Dầu khí Cửu Long,Công ty Cổ phần Đầu tư và Phát triển Đô thị Dầu khí Cửu Long,STO,8633
CDC,HSX,STOCK,Chương Dương Corp,Công ty Cổ phần Chương Dương,STO,2357
CFPT2502,HSX,CW,CFPT2502 - Chứng quyền,CFPT2502 - Chứng quyền,STO,
CFPT2503,HSX,CW,Chứng quyền FPT/15M/SSI/C/EU/Cash-18,Chứng quyền FPT/15M/SSI/C/EU/Cash-18,STO,
CFPT2505,HSX,CW,Chứng quyền FPT/BSC/C/12M/EU/Cash/2024-01,Chứng quyền FPT/BSC/C/12M/EU/Cash/2024-01,STO,
CFPT2508,HSX,CW,Chứng quyền FPT/TCBS/C/EU/12M/CASH/24-01,Chứng quyền FPT/TCBS/C/EU/12M/CASH/24-01,STO,
CFPT2510,HSX,CW,Chứng quyền.FPT.KIS.M.CA.T.04,Chứng quyền.FPT.KIS.M.CA.T.04,STO,
CFPT2511,HSX,CW,Chứng quyền FPT-HSC-MET17,Chứng quyền FPT-HSC-MET17,STO,
CFPT2512,HSX,CW,Chứng quyền FPT-HSC-MET18,Chứng quyền FPT-HSC-MET18,STO,
CFPT2513,HSX,CW,Chứng quyền FPT/ACBS/Call/EU/Cash/12M/68,Chứng quyền FPT/ACBS/Call/EU/Cash/12M/68,STO,
CFPT2515,HSX,CW,Chứng quyền FPT/7M/SSI/C/EU/Cash-19,Chứng quyền FPT/7M/SSI/C/EU/Cash-19,STO,
CFPT2516,HSX,CW,Chứng quyền FPT/VPBANKS/C/EU/7M/CASH/25-01,Chứng quyền FPT/VPBANKS/C/EU/7M/CASH/25-01,STO,
CFPT2517,HSX,CW,Chứng quyền FPT/12M/SSI/C/EU/Cash-20,Chứng quyền FPT/12M/SSI/C/EU/Cash-20,STO,
CFPT2518,HSX,CW,Chứng quyền FPT/15M/SSI/C/EU/Cash-20,Chứng quyền FPT/15M/SSI/C/EU/Cash-20,STO,
CFPT2519,HSX,CW,Chứng quyền FPT/ACBS/Call/EU/Cash/7M/81,Chứng quyền FPT/ACBS/Call/EU/Cash/7M/81,STO,
CFPT2520,HSX,CW,Chứng quyền FPT.02.PHS.C.EU.Cash,Chứng quyền FPT.02.PHS.C.EU.Cash,STO,
CFPT2521,HSX,CW,Chứng quyền FPT.04.PHS.C.EU.Cash,Chứng quyền FPT.04.PHS.C.EU.Cash,STO,
CFPT2522,HSX,CW,Chứng quyền.FPT.KIS.M.CA.T.05,Chứng quyền.FPT.KIS.M.CA.T.05,STO,
CFPT2523,HSX,CW,Chứng quyền.FPT.KIS.M.CA.T.06,Chứng quyền.FPT.KIS.M.CA.T.06,STO,
CFPT2524,HSX,CW,Chứng quyền.FPT.KIS.M.CA.T.07,Chứng quyền.FPT.KIS.M.CA.T.07,STO,
CFPT2525,HSX,CW,Chứng quyền FPT/0125/C/EU/Cash/MSVN,Chứng quyền FPT/0125/C/EU/Cash/MSVN,STO,
CFPT2526,HSX,CW,Chứng quyền FPT/0225/C/EU/Cash/MSVN,Chứng quyền FPT/0225/C/EU/Cash/MSVN,STO,
CFPT2527,HSX,CW,Chứng quyền.FPT.VND.M.CA.T.2025.1,Chứng quyền.FPT.VND.M.CA.T.2025.1,STO,
CFPT2528,HSX,CW,Chứng quyền.FPT.VND.M.CA.T.2025.2,Chứng quyền.FPT.VND.M.CA.T.2025.2,STO,
CFPT2529,HSX,CW,Chứng quyền.FPT.VND.M.CA.T.2025.3,Chứng quyền.FPT.VND.M.CA.T.2025.3,STO,
CFPT2530,HSX,CW,Chứng quyền FPT/PINETREE/C/EU/4M/CASH/25-01,Chứng quyền FPT/PINETREE/C/EU/4M/CASH/25-01,STO,
CFPT2531,HSX,CW,Chứng quyền FPT/PINETREE/C/EU/7M/CASH/25-01,Chứng quyền FPT/PINETREE/C/EU/7M/CASH/25-01,STO,
CFPT2532,HSX,CW,Chứng quyền FPT/12M/KAFI/C/EU/CASH/2501,Chứng quyền FPT/12M/KAFI/C/EU/CASH/2501,STO,
CFPT2533,HSX,CW,Chứng quyền FPT/15M/KAFI/C/EU/CASH/2502,Chứng quyền FPT/15M/KAFI/C/EU/CASH/2502,STO,
CHDB2505,HSX,CW,Chứng quyền.HDB.KIS.M.CA.T.26,Chứng quyền.HDB.KIS.M.CA.T.26,STO,
CHDB2506,HSX,CW,Chứng quyền HDB/MBS/C/EU/CASH/6M/25-01,Chứng quyền HDB/MBS/C/EU/CASH/6M/25-01,STO,
CHDB2507,HSX,CW,Chứng quyền.HDB.VND.M.CA.T.2025.1,Chứng quyền.HDB.VND.M.CA.T.2025.1,STO,
CHDB2508,HSX,CW,Chứng quyền.HDB.VND.M.CA.T.2025.2,Chứng quyền.HDB.VND.M.CA.T.2025.2,STO,
CHDB2509,HSX,CW,Chứng quyền.HDB.VND.M.CA.T.2025.3,Chứng quyền.HDB.VND.M.CA.T.2025.3,STO,
CHP,HSX,STOCK,Thủy điện Miền Trung,Công ty Cổ phần Thủy điện Miền Trung,STO,7535
CHPG2504,HSX,CW,CHPG2504 - Chứng quyền,CHPG2504 - Chứng quyền,STO,
CHPG2505,HSX,CW,Chứng quyền HPG/15M/SSI/C/EU/Cash-18,Chứng quyền HPG/15M/SSI/C/EU/Cash-18,STO,
CHPG2506,HSX,CW,Chứng quyền HPG/BSC/C/12M/EU/Cash/2024-01,Chứng quyền HPG/BSC/C/12M/EU/Cash/2024-01,STO,
CHPG2508,HSX,CW,CHPG2508 - Chứng quyền,CHPG2508 - Chứng quyền,STO,
CHPG2510,HSX,CW,Chứng quyền HPG/TCBS/C/EU/12M/CASH/24-01,Chứng quyền HPG/TCBS/C/EU/12M/CASH/24-01,STO,
CHPG2515,HSX,CW,Chứng quyền.HPG.KIS.M.CA.T.48,Chứng quyền.HPG.KIS.M.CA.T.48,STO,
CHPG2516,HSX,CW,Chứng quyền.HPG.KIS.M.CA.T.49,Chứng quyền.HPG.KIS.M.CA.T.49,STO,
CHPG2517,HSX,CW,Chứng quyền HPG-HSC-MET17,Chứng quyền HPG-HSC-MET17,STO,
CHPG2518,HSX,CW,Chứng quyền HPG/ACBS/Call/EU/Cash/12M/69,Chứng quyền HPG/ACBS/Call/EU/Cash/12M/69,STO,
CHPG2520,HSX,CW,Chứng quyền HPG/7M/SSI/C/EU/Cash-19,Chứng quyền HPG/7M/SSI/C/EU/Cash-19,STO,
CHPG2521,HSX,CW,Chứng quyền HPG.6M.SSV.C.EU.Cash.25.01,Chứng quyền HPG.6M.SSV.C.EU.Cash.25.01,STO,
CHPG2522,HSX,CW,Chứng quyền HPG/VPBANKS/C/EU/9M/CASH/25-01,Chứng quyền HPG/VPBANKS/C/EU/9M/CASH/25-01,STO,
CHPG2523,HSX,CW,Chứng quyền HPG/VPBANKS/C/EU/12M/CASH/25-01,Chứng quyền HPG/VPBANKS/C/EU/12M/CASH/25-01,STO,
CHPG2524,HSX,CW,Chứng quyền HPG/12M/SSI/C/EU/Cash-20,Chứng quyền HPG/12M/SSI/C/EU/Cash-20,STO,
CHPG2525,HSX,CW,Chứng quyền HPG/15M/SSI/C/EU/Cash-20,Chứng quyền HPG/15M/SSI/C/EU/Cash-20,STO,
CHPG2526,HSX,CW,Chứng quyền.HPG.KIS.M.CA.T.50,Chứng quyền.HPG.KIS.M.CA.T.50,STO,
CHPG2527,HSX,CW,Chứng quyền.HPG.KIS.M.CA.T.51,Chứng quyền.HPG.KIS.M.CA.T.51,STO,
CHPG2528,HSX,CW,Chứng quyền HPG/ACBS/Call/EU/Cash/7M/82,Chứng quyền HPG/ACBS/Call/EU/Cash/7M/82,STO,
CHPG2529,HSX,CW,Chứng quyền HPG.04.PHS.C.EU.Cash,Chứng quyền HPG.04.PHS.C.EU.Cash,STO,
CHPG2530,HSX,CW,Chứng quyền HPG.05.PHS.C.EU.Cash,Chứng quyền HPG.05.PHS.C.EU.Cash,STO,
CHPG2531,HSX,CW,Chứng quyền HPG.08.PHS.C.EU.Cash,Chứng quyền HPG.08.PHS.C.EU.Cash,STO,
CHPG2532,HSX,CW,Chứng quyền HPG.09.PHS.C.EU.Cash,Chứng quyền HPG.09.PHS.C.EU.Cash,STO,
CHPG2533,HSX,CW,Chứng quyền HPG/MBS/C/EU/CASH/6M/25-01,Chứng quyền HPG/MBS/C/EU/CASH/6M/25-01,STO,
CHPG2534,HSX,CW,Chứng quyền.HPG.KIS.M.CA.T.52,Chứng quyền.HPG.KIS.M.CA.T.52,STO,
CHPG2535,HSX,CW,Chứng quyền HPG/0125/C/EU/Cash/MSVN,Chứng quyền HPG/0125/C/EU/Cash/MSVN,STO,
CHPG2536,HSX,CW,Chứng quyền HPG/0225/C/EU/Cash/MSVN,Chứng quyền HPG/0225/C/EU/Cash/MSVN,STO,
CHPG2537,HSX,CW,Chứng quyền.HPG.VND.M.CA.T.2025.1,Chứng quyền.HPG.VND.M.CA.T.2025.1,STO,
CHPG2538,HSX,CW,Chứng quyền.HPG.VND.M.CA.T.2025.2,Chứng quyền.HPG.VND.M.CA.T.2025.2,STO,
CHPG2539,HSX,CW,Chứng quyền.HPG.VND.M.CA.T.2025.3,Chứng quyền.HPG.VND.M.CA.T.2025.3,STO,
CHPG2540,HSX,CW,Chứng quyền HPG/12M/KAFI/C/EU/CASH/2501,Chứng quyền HPG/12M/KAFI/C/EU/CASH/2501,STO,
CHPG2541,HSX,CW,Chứng quyền HPG/15M/KAFI/C/EU/CASH/2502,Chứng quyền HPG/15M/KAFI/C/EU/CASH/2502,STO,
CIG,HSX,STOCK,Xây dựng COMA 18,Công ty Cổ phần COMA 18,STO,2357
CII,HSX,STOCK,Hạ tầng Kỹ thuật TP.HCM,Công ty Cổ phần Đầu tư Hạ tầng Kỹ thuật Thành phố Hồ Chí Minh,STO,2357
CKG,HSX,STOCK,Tập đoàn CIC,Công ty Cổ phần Tập đoàn CIC,STO,8633
CLC,HSX,STOCK,Thuốc lá Cát Lợi,Công ty Cổ phần Cát Lợi,STO,3785
CLL,HSX,STOCK,Cảng Cát Lái,Công ty Cổ phần Cảng Cát Lái,STO,2777
CLPB2501,HSX,CW,Chứng quyền LPB/7M/SSI/C/EU/Cash-19,Chứng quyền LPB/7M/SSI/C/EU/Cash-19,STO,
CLPB2503,HSX,CW,Chứng quyền LPB/12M/SSI/C/EU/Cash-20,Chứng quyền LPB/12M/SSI/C/EU/Cash-20,STO,
CLPB2504,HSX,CW,Chứng quyền.LPB.KIS.M.CA.T.01,Chứng quyền.LPB.KIS.M.CA.T.01,STO,
CLPB2505,HSX,CW,Chứng quyền.LPB.KIS.M.CA.T.02,Chứng quyền.LPB.KIS.M.CA.T.02,STO,
CLPB2506,HSX,CW,Chứng quyền.LPB.KIS.M.CA.T.03,Chứng quyền.LPB.KIS.M.CA.T.03,STO,
CLPB2507,HSX,CW,Chứng quyền.LPB.KIS.M.CA.T.04,Chứng quyền.LPB.KIS.M.CA.T.04,STO,
CLPB2508,HSX,CW,Chứng quyền.LPB.KIS.M.CA.T.05,Chứng quyền.LPB.KIS.M.CA.T.05,STO,
CLPB2509,HSX,CW,Chứng quyền.LPB.KIS.M.CA.T.06,Chứng quyền.LPB.KIS.M.CA.T.06,STO,
CLW,HSX,STOCK,Cấp nước Chợ Lớn,Công ty Cổ phần Cấp nước Chợ Lớn,STO,7577
CMBB2503,HSX,CW,CMBB2503 - Chứng quyền,CMBB2503 - Chứng quyền,STO,
CMBB2504,HSX,CW,Chứng quyền MBB/15M/SSI/C/EU/Cash-18,Chứng quyền MBB/15M/SSI/C/EU/Cash-18,STO,
CMBB2505,HSX,CW,Chứng quyền MBB/BSC/C/15M/EU/Cash/2024-01,Chứng quyền MBB/BSC/C/15M/EU/Cash/2024-01,STO,
CMBB2507,HSX,CW,Chứng quyền MBB/TCBS/C/EU/12M/CASH/24-01,Chứng quyền MBB/TCBS/C/EU/12M/CASH/24-01,STO,
CMBB2509,HSX,CW,Chứng quyền MBB-HSC-MET18,Chứng quyền MBB-HSC-MET18,STO,
CMBB2510,HSX,CW,Chứng quyền MBB-HSC-MET19,Chứng quyền MBB-HSC-MET19,STO,
CMBB2511,HSX,CW,Chứng quyền MBB/ACBS/Call/EU/Cash/12M/70,Chứng quyền MBB/ACBS/Call/EU/Cash/12M/70,STO,
CMBB2513,HSX,CW,Chứng quyền MBB/7M/SSI/C/EU/Cash-19,Chứng quyền MBB/7M/SSI/C/EU/Cash-19,STO,
CMBB2514,HSX,CW,Chứng quyền MBB/VPBANKS/C/EU/6M/CASH/25-01,Chứng quyền MBB/VPBANKS/C/EU/6M/CASH/25-01,STO,
CMBB2515,HSX,CW,Chứng quyền MBB/VPBANKS/C/EU/9M/CASH/25-01,Chứng quyền MBB/VPBANKS/C/EU/9M/CASH/25-01,STO,
CMBB2516,HSX,CW,Chứng quyền MBB/12M/SSI/C/EU/Cash-20,Chứng quyền MBB/12M/SSI/C/EU/Cash-20,STO,
CMBB2517,HSX,CW,Chứng quyền MBB/15M/SSI/C/EU/Cash-20,Chứng quyền MBB/15M/SSI/C/EU/Cash-20,STO,
CMBB2518,HSX,CW,Chứng quyền MBB/ACBS/Call/EU/Cash/7M/83,Chứng quyền MBB/ACBS/Call/EU/Cash/7M/83,STO,
CMBB2519,HSX,CW,Chứng quyền.MBB.VND.M.CA.T.2025.1,Chứng quyền.MBB.VND.M.CA.T.2025.1,STO,
CMBB2520,HSX,CW,Chứng quyền.MBB.VND.M.CA.T.2025.2,Chứng quyền.MBB.VND.M.CA.T.2025.2,STO,
CMBB2521,HSX,CW,Chứng quyền.MBB.VND.M.CA.T.2025.3,Chứng quyền.MBB.VND.M.CA.T.2025.3,STO,
CMBB2522,HSX,CW,Chứng quyền MBB/12M/KAFI/C/EU/CASH/2501,Chứng quyền MBB/12M/KAFI/C/EU/CASH/2501,STO,
CMBB2523,HSX,CW,Chứng quyền MBB/15M/KAFI/C/EU/CASH/2502,Chứng quyền MBB/15M/KAFI/C/EU/CASH/2502,STO,
CMG,HSX,STOCK,Tập đoàn Công nghệ CMC,Công ty Cổ phần Tập đoàn Công nghệ CMC,STO,9533
CMSN2503,HSX,CW,CMSN2503 - Chứng quyền,CMSN2503 - Chứng quyền,STO,
CMSN2509,HSX,CW,Chứng quyền.MSN.KIS.M.CA.T.36,Chứng quyền.MSN.KIS.M.CA.T.36,STO,
CMSN2510,HSX,CW,Chứng quyền.MSN.KIS.M.CA.T.37,Chứng quyền.MSN.KIS.M.CA.T.37,STO,
CMSN2511,HSX,CW,Chứng quyền MSN-HSC-MET11,Chứng quyền MSN-HSC-MET11,STO,
CMSN2512,HSX,CW,Chứng quyền MSN/ACBS/Call/EU/Cash/12M/71,Chứng quyền MSN/ACBS/Call/EU/Cash/12M/71,STO,
CMSN2514,HSX,CW,Chứng quyền MSN/7M/SSI/C/EU/Cash-19,Chứng quyền MSN/7M/SSI/C/EU/Cash-19,STO,
CMSN2515,HSX,CW,Chứng quyền MSN/VPBANKS/C/EU/6M/CASH/25-01,Chứng quyền MSN/VPBANKS/C/EU/6M/CASH/25-01,STO,
CMSN2516,HSX,CW,Chứng quyền MSN/12M/SSI/C/EU/Cash-20,Chứng quyền MSN/12M/SSI/C/EU/Cash-20,STO,
CMSN2517,HSX,CW,Chứng quyền.MSN.KIS.M.CA.T.38,Chứng quyền.MSN.KIS.M.CA.T.38,STO,
CMSN2518,HSX,CW,Chứng quyền.MSN.KIS.M.CA.T.39,Chứng quyền.MSN.KIS.M.CA.T.39,STO,
CMSN2519,HSX,CW,Chứng quyền MSN/MBS/C/EU/CASH/9M/25-01,Chứng quyền MSN/MBS/C/EU/CASH/9M/25-01,STO,
CMSN2520,HSX,CW,Chứng quyền.MSN.KIS.M.CA.T.40,Chứng quyền.MSN.KIS.M.CA.T.40,STO,
CMSN2521,HSX,CW,Chứng quyền.MSN.VND.M.CA.T.2025.1,Chứng quyền.MSN.VND.M.CA.T.2025.1,STO,
CMSN2522,HSX,CW,Chứng quyền.MSN.VND.M.CA.T.2025.2,Chứng quyền.MSN.VND.M.CA.T.2025.2,STO,
CMV,HSX,STOCK,Thương nghiệp Cà Mau,Công ty Cổ phần Thương nghiệp Cà Mau,STO,5373
CMWG2503,HSX,CW,CMWG2503 - Chứng quyền,CMWG2503 - Chứng quyền,STO,
CMWG2504,HSX,CW,Chứng quyền MWG/15M/SSI/C/EU/Cash-18,Chứng quyền MWG/15M/SSI/C/EU/Cash-18,STO,
CMWG2508,HSX,CW,Chứng quyền.MWG.KIS.M.CA.T.09,Chứng quyền.MWG.KIS.M.CA.T.09,STO,
CMWG2509,HSX,CW,Chứng quyền MWG-HSC-MET19,Chứng quyền MWG-HSC-MET19,STO,
CMWG2510,HSX,CW,Chứng quyền MWG-HSC-MET20,Chứng quyền MWG-HSC-MET20,STO,
CMWG2511,HSX,CW,Chứng quyền MWG/ACBS/Call/EU/Cash/12M/72,Chứng quyền MWG/ACBS/Call/EU/Cash/12M/72,STO,
CMWG2513,HSX,CW,Chứng quyền MWG/7M/SSI/C/EU/Cash-19,Chứng quyền MWG/7M/SSI/C/EU/Cash-19,STO,
CMWG2514,HSX,CW,Chứng quyền MWG/VPBANKS/C/EU/6M/CASH/25-01,Chứng quyền MWG/VPBANKS/C/EU/6M/CASH/25-01,STO,
CMWG2515,HSX,CW,Chứng quyền MWG/12M/SSI/C/EU/Cash-20,Chứng quyền MWG/12M/SSI/C/EU/Cash-20,STO,
CMWG2516,HSX,CW,Chứng quyền MWG.02.PHS.C.EU.Cash,Chứng quyền MWG.02.PHS.C.EU.Cash,STO,
CMWG2517,HSX,CW,Chứng quyền MWG.04.PHS.C.EU.Cash,Chứng quyền MWG.04.PHS.C.EU.Cash,STO,
CMWG2518,HSX,CW,Chứng quyền MWG.06.PHS.C.EU.Cash,Chứng quyền MWG.06.PHS.C.EU.Cash,STO,
CMWG2519,HSX,CW,Chứng quyền MWG/MBS/C/EU/CASH/9M/25-01,Chứng quyền MWG/MBS/C/EU/CASH/9M/25-01,STO,
CMWG2520,HSX,CW,Chứng quyền MWG/ACBS/Call/EU/Cash/7M/84,Chứng quyền MWG/ACBS/Call/EU/Cash/7M/84,STO,
CMWG2521,HSX,CW,Chứng quyền MWG/0125/C/EU/Cash/MSVN,Chứng quyền MWG/0125/C/EU/Cash/MSVN,STO,
CMWG2522,HSX,CW,Chứng quyền MWG/0225/C/EU/Cash/MSVN,Chứng quyền MWG/0225/C/EU/Cash/MSVN,STO,
CMWG2523,HSX,CW,Chứng quyền.MWG.VND.M.CA.T.2025.1,Chứng quyền.MWG.VND.M.CA.T.2025.1,STO,
CMWG2524,HSX,CW,Chứng quyền.MWG.VND.M.CA.T.2025.2,Chứng quyền.MWG.VND.M.CA.T.2025.2,STO,
CMWG2525,HSX,CW,Chứng quyền.MWG.VND.M.CA.T.2025.3,Chứng quyền.MWG.VND.M.CA.T.2025.3,STO,
CMWG2526,HSX,CW,Chứng quyền MWG/12M/KAFI/C/EU/CASH/2501,Chứng quyền MWG/12M/KAFI/C/EU/CASH/2501,STO,
CMWG2527,HSX,CW,Chứng quyền MWG/15M/KAFI/C/EU/CASH/2502,Chứng quyền MWG/15M/KAFI/C/EU/CASH/2502,STO,
CMX,HSX,STOCK,CAMIMEX Group,Công ty Cổ phần CAMIMEX Group,STO,3573
CNG,HSX,STOCK,CNG Việt Nam,Công ty Cổ phần CNG Việt Nam,STO,7573
COM,HSX,STOCK,Vật tư Xăng dầu,Công ty Cổ phần Vật tư Xăng dầu,STO,5379
CRC,HSX,STOCK,Create Capital Việt Nam,Công ty Cổ phần Create Capital Việt Nam,STO,2353
CRE,HSX,STOCK,Bất động sản Thế Kỷ,Công ty Cổ phần Bất động sản Thế Kỷ,STO,8633
CRV,HSX,STOCK,Tập đoàn Bất động sản CRV,Công ty Cổ phần Tập đoàn Bất động sản CRV,STO,8633
CSHB2505,HSX,CW,Chứng quyền.SHB.KIS.M.CA.T.12,Chứng quyền.SHB.KIS.M.CA.T.12,STO,
CSHB2506,HSX,CW,Chứng quyền SHB.6M.SSV.C.EU.Cash.25.01,Chứng quyền SHB.6M.SSV.C.EU.Cash.25.01,STO,
CSHB2507,HSX,CW,Chứng quyền.SHB.KIS.M.CA.T.13,Chứng quyền.SHB.KIS.M.CA.T.13,STO,
CSHB2508,HSX,CW,Chứng quyền.SHB.KIS.M.CA.T.14,Chứng quyền.SHB.KIS.M.CA.T.14,STO,
CSHB2509,HSX,CW,Chứng quyền.SHB.KIS.M.CA.T.15,Chứng quyền.SHB.KIS.M.CA.T.15,STO,
CSHB2510,HSX,CW,Chứng quyền.SHB.KIS.M.CA.T.16,Chứng quyền.SHB.KIS.M.CA.T.16,STO,
CSHB2511,HSX,CW,Chứng quyền SHB/MBS/C/EU/CASH/6M/25-01,Chứng quyền SHB/MBS/C/EU/CASH/6M/25-01,STO,
CSHB2512,HSX,CW,Chứng quyền.SHB.KIS.M.CA.T.17,Chứng quyền.SHB.KIS.M.CA.T.17,STO,
CSHB2513,HSX,CW,Chứng quyền.SHB.KIS.M.CA.T.18,Chứng quyền.SHB.KIS.M.CA.T.18,STO,
CSHB2514,HSX,CW,Chứng quyền.SHB.KIS.M.CA.T.19,Chứng quyền.SHB.KIS.M.CA.T.19,STO,
CSM,HSX,STOCK,Cao su Miền Nam,Công ty Cổ phần Công nghiệp Cao su Miền Nam,STO,3357
CSSB2504,HSX,CW,Chứng quyền.SSB.KIS.M.CA.T.05,Chứng quyền.SSB.KIS.M.CA.T.05,STO,
CSSB2505,HSX,CW,Chứng quyền.SSB.KIS.M.CA.T.06,Chứng quyền.SSB.KIS.M.CA.T.06,STO,
CSSB2506,HSX,CW,Chứng quyền.SSB.KIS.M.CA.T.07,Chứng quyền.SSB.KIS.M.CA.T.07,STO,
CSSB2507,HSX,CW,Chứng quyền.SSB.KIS.M.CA.T.08,Chứng quyền.SSB.KIS.M.CA.T.08,STO,
CSSB2508,HSX,CW,Chứng quyền.SSB.KIS.M.CA.T.09,Chứng quyền.SSB.KIS.M.CA.T.09,STO,
CSSB2509,HSX,CW,Chứng quyền.SSB.KIS.M.CA.T.10,Chứng quyền.SSB.KIS.M.CA.T.10,STO,
CSTB2504,HSX,CW,CSTB2504 - Chứng quyền,CSTB2504 - Chứng quyền,STO,
CSTB2511,HSX,CW,Chứng quyền.STB.KIS.M.CA.T.46,Chứng quyền.STB.KIS.M.CA.T.46,STO,
CSTB2512,HSX,CW,Chứng quyền.STB.KIS.M.CA.T.47,Chứng quyền.STB.KIS.M.CA.T.47,STO,
CSTB2513,HSX,CW,Chứng quyền STB-HSC-MET14,Chứng quyền STB-HSC-MET14,STO,
CSTB2514,HSX,CW,Chứng quyền STB-HSC-MET15,Chứng quyền STB-HSC-MET15,STO,
CSTB2515,HSX,CW,Chứng quyền STB/ACBS/Call/EU/Cash/12M/73,Chứng quyền STB/ACBS/Call/EU/Cash/12M/73,STO,
CSTB2517,HSX,CW,Chứng quyền STB/7M/SSI/C/EU/Cash-19,Chứng quyền STB/7M/SSI/C/EU/Cash-19,STO,
CSTB2518,HSX,CW,Chứng quyền STB.6M.SSV.C.EU.Cash.25.01,Chứng quyền STB.6M.SSV.C.EU.Cash.25.01,STO,
CSTB2519,HSX,CW,Chứng quyền STB/VPBANKS/C/EU/12M/CASH/25-01,Chứng quyền STB/VPBANKS/C/EU/12M/CASH/25-01,STO,
CSTB2520,HSX,CW,Chứng quyền STB/VPBANKS/C/EU/9M/CASH/25-01,Chứng quyền STB/VPBANKS/C/EU/9M/CASH/25-01,STO,
CSTB2521,HSX,CW,Chứng quyền STB/12M/SSI/C/EU/Cash-20,Chứng quyền STB/12M/SSI/C/EU/Cash-20,STO,
CSTB2522,HSX,CW,Chứng quyền.STB.KIS.M.CA.T.48,Chứng quyền.STB.KIS.M.CA.T.48,STO,
CSTB2523,HSX,CW,Chứng quyền.STB.KIS.M.CA.T.49,Chứng quyền.STB.KIS.M.CA.T.49,STO,
CSTB2524,HSX,CW,Chứng quyền STB.03.PHS.C.EU.Cash,Chứng quyền STB.03.PHS.C.EU.Cash,STO,
CSTB2525,HSX,CW,Chứng quyền STB.06.PHS.C.EU.Cash,Chứng quyền STB.06.PHS.C.EU.Cash,STO,
CSTB2526,HSX,CW,Chứng quyền STB/MBS/C/EU/CASH/6M/25-01,Chứng quyền STB/MBS/C/EU/CASH/6M/25-01,STO,
CSTB2527,HSX,CW,Chứng quyền.STB.KIS.M.CA.T.50,Chứng quyền.STB.KIS.M.CA.T.50,STO,
CSTB2528,HSX,CW,Chứng quyền STB/ACBS/Call/EU/Cash/7M/85,Chứng quyền STB/ACBS/Call/EU/Cash/7M/85,STO,
CSTB2529,HSX,CW,Chứng quyền STB/0125/C/EU/Cash/MSVN,Chứng quyền STB/0125/C/EU/Cash/MSVN,STO,
CSTB2530,HSX,CW,Chứng quyền STB/0225/C/EU/Cash/MSVN,Chứng quyền STB/0225/C/EU/Cash/MSVN,STO,
CSTB2531,HSX,CW,Chứng quyền.STB.VND.M.CA.T.2025.1,Chứng quyền.STB.VND.M.CA.T.2025.1,STO,
CSTB2532,HSX,CW,Chứng quyền.STB.VND.M.CA.T.2025.2,Chứng quyền.STB.VND.M.CA.T.2025.2,STO,
CSTB2533,HSX,CW,Chứng quyền.STB.VND.M.CA.T.2025.3,Chứng quyền.STB.VND.M.CA.T.2025.3,STO,
CSTB2534,HSX,CW,Chứng quyền STB/PINETREE/C/EU/4M/CASH/25-01,Chứng quyền STB/PINETREE/C/EU/4M/CASH/25-01,STO,
CSTB2535,HSX,CW,Chứng quyền STB/PINETREE/C/EU/7M/CASH/25-01,Chứng quyền STB/PINETREE/C/EU/7M/CASH/25-01,STO,
CSTB2536,HSX,CW,Chứng quyền STB/12M/KAFI/C/EU/CASH/2501,Chứng quyền STB/12M/KAFI/C/EU/CASH/2501,STO,
CSTB2537,HSX,CW,Chứng quyền STB/15M/KAFI/C/EU/CASH/2502,Chứng quyền STB/15M/KAFI/C/EU/CASH/2502,STO,
CSV,HSX,STOCK,Hóa chất Cơ bản miền Nam,Công ty Cổ phần Hóa chất Cơ bản miền Nam,STO,1357
CTCB2503,HSX,CW,CTCB2503 - Chứng quyền,CTCB2503 - Chứng quyền,STO,
CTCB2504,HSX,CW,Chứng quyền TCB/BSC/C/12M/EU/Cash/2024-01,Chứng quyền TCB/BSC/C/12M/EU/Cash/2024-01,STO,
CTCB2506,HSX,CW,CTCB2506 - Chứng quyền,CTCB2506 - Chứng quyền,STO,
CTCB2507,HSX,CW,Chứng quyền TCB/ACBS/Call/EU/Cash/12M/74,Chứng quyền TCB/ACBS/Call/EU/Cash/12M/74,STO,
CTCB2509,HSX,CW,Chứng quyền TCB/7M/SSI/C/EU/Cash-19,Chứng quyền TCB/7M/SSI/C/EU/Cash-19,STO,
CTCB2510,HSX,CW,Chứng quyền TCB/VPBANKS/C/EU/6M/CASH/25-01,Chứng quyền TCB/VPBANKS/C/EU/6M/CASH/25-01,STO,
CTCB2511,HSX,CW,Chứng quyền TCB/VPBANKS/C/EU/9M/CASH/25-01,Chứng quyền TCB/VPBANKS/C/EU/9M/CASH/25-01,STO,
CTCB2512,HSX,CW,Chứng quyền TCB/12M/SSI/C/EU/Cash-20,Chứng quyền TCB/12M/SSI/C/EU/Cash-20,STO,
CTCB2513,HSX,CW,Chứng quyền.TCB.KIS.M.CA.T.03,Chứng quyền.TCB.KIS.M.CA.T.03,STO,
CTCB2514,HSX,CW,Chứng quyền TCB/MBS/C/EU/CASH/6M/25-01,Chứng quyền TCB/MBS/C/EU/CASH/6M/25-01,STO,
CTCB2515,HSX,CW,Chứng quyền.TCB.KIS.M.CA.T.04,Chứng quyền.TCB.KIS.M.CA.T.04,STO,
CTCB2516,HSX,CW,Chứng quyền.TCB.KIS.M.CA.T.05,Chứng quyền.TCB.KIS.M.CA.T.05,STO,
CTCB2517,HSX,CW,Chứng quyền.TCB.KIS.M.CA.T.06,Chứng quyền.TCB.KIS.M.CA.T.06,STO,
CTCB2518,HSX,CW,Chứng quyền TCB/ACBS/Call/EU/Cash/7M/86,Chứng quyền TCB/ACBS/Call/EU/Cash/7M/86,STO,
CTCB2519,HSX,CW,Chứng quyền.TCB.VND.M.CA.T.2025.1,Chứng quyền.TCB.VND.M.CA.T.2025.1,STO,
CTCB2520,HSX,CW,Chứng quyền.TCB.VND.M.CA.T.2025.2,Chứng quyền.TCB.VND.M.CA.T.2025.2,STO,
CTCB2521,HSX,CW,Chứng quyền.TCB.VND.M.CA.T.2025.3,Chứng quyền.TCB.VND.M.CA.T.2025.3,STO,
CTCB2522,HSX,CW,Chứng quyền TCB/12M/KAFI/C/EU/CASH/2501,Chứng quyền TCB/12M/KAFI/C/EU/CASH/2501,STO,
CTCB2523,HSX,CW,Chứng quyền TCB/15M/KAFI/C/EU/CASH/2502,Chứng quyền TCB/15M/KAFI/C/EU/CASH/2502,STO,
CTD,HSX,STOCK,Xây dựng Coteccons,Công ty Cổ phần Xây dựng Coteccons,STO,2357
CTF,HSX,STOCK,City Auto,Công ty Cổ phần City Auto,STO,3353
CTG,HSX,STOCK,VietinBank,Ngân hàng Thương mại Cổ phần Công thương Việt Nam,STO,8355
CTI,HSX,STOCK,Cường Thuận IDICO,Công ty Cổ phần Đầu tư Phát triển Cường Thuận IDICO,STO,2357
CTPB2502,HSX,CW,Chứng quyền TPB-HSC-MET03,Chứng quyền TPB-HSC-MET03,STO,
CTPB2503,HSX,CW,Chứng quyền TPB/ACBS/Call/EU/Cash/12M/75,Chứng quyền TPB/ACBS/Call/EU/Cash/12M/75,STO,
CTPB2504,HSX,CW,Chứng quyền TPB/VPBANKS/C/EU/6M/CASH/25-01,Chứng quyền TPB/VPBANKS/C/EU/6M/CASH/25-01,STO,
CTPB2505,HSX,CW,Chứng quyền.TPB.KIS.M.CA.T.10,Chứng quyền.TPB.KIS.M.CA.T.10,STO,
CTPB2506,HSX,CW,Chứng quyền TPB.02.PHS.C.EU.Cash,Chứng quyền TPB.02.PHS.C.EU.Cash,STO,
CTPB2507,HSX,CW,Chứng quyền TPB/MBS/C/EU/CASH/6M/25-01,Chứng quyền TPB/MBS/C/EU/CASH/6M/25-01,STO,
CTPB2508,HSX,CW,Chứng quyền.TPB.KIS.M.CA.T.11,Chứng quyền.TPB.KIS.M.CA.T.11,STO,
CTPB2509,HSX,CW,Chứng quyền.TPB.KIS.M.CA.T.12,Chứng quyền.TPB.KIS.M.CA.T.12,STO,
CTPB2510,HSX,CW,Chứng quyền.TPB.KIS.M.CA.T.13,Chứng quyền.TPB.KIS.M.CA.T.13,STO,
CTR,HSX,STOCK,Công trình Viettel,Tổng Công ty Cổ phần Công trình Viettel,STO,2357
CTS,HSX,STOCK,Chứng khoán Vietinbank,Công ty Cổ phần Chứng khoán Ngân hàng Công thương Việt Nam,STO,8777
CVHM2502,HSX,CW,CVHM2502 - Chứng quyền,CVHM2502 - Chứng quyền,STO,
CVHM2503,HSX,CW,Chứng quyền VHM/BSC/C/15M/EU/Cash/2024-01,Chứng quyền VHM/BSC/C/15M/EU/Cash/2024-01,STO,
CVHM2509,HSX,CW,Chứng quyền.VHM.KIS.M.CA.T.34,Chứng quyền.VHM.KIS.M.CA.T.34,STO,
CVHM2510,HSX,CW,Chứng quyền VHM-HSC-MET16,Chứng quyền VHM-HSC-MET16,STO,
CVHM2511,HSX,CW,Chứng quyền VHM-HSC-MET17,Chứng quyền VHM-HSC-MET17,STO,
CVHM2512,HSX,CW,Chứng quyền VHM/ACBS/Call/EU/Cash/12M/76,Chứng quyền VHM/ACBS/Call/EU/Cash/12M/76,STO,
CVHM2514,HSX,CW,Chứng quyền VHM/7M/SSI/C/EU/Cash-19,Chứng quyền VHM/7M/SSI/C/EU/Cash-19,STO,
CVHM2515,HSX,CW,Chứng quyền VHM/VPBANKS/C/EU/6M/CASH/25-01,Chứng quyền VHM/VPBANKS/C/EU/6M/CASH/25-01,STO,
CVHM2516,HSX,CW,Chứng quyền VHM/12M/SSI/C/EU/Cash-20,Chứng quyền VHM/12M/SSI/C/EU/Cash-20,STO,
CVHM2517,HSX,CW,Chứng quyền.VHM.KIS.M.CA.T.35,Chứng quyền.VHM.KIS.M.CA.T.35,STO,
CVHM2518,HSX,CW,Chứng quyền.VHM.KIS.M.CA.T.36,Chứng quyền.VHM.KIS.M.CA.T.36,STO,
CVHM2519,HSX,CW,Chứng quyền VHM.01.PHS.C.EU.Cash,Chứng quyền VHM.01.PHS.C.EU.Cash,STO,
CVHM2520,HSX,CW,Chứng quyền VHM.03.PHS.C.EU.Cash,Chứng quyền VHM.03.PHS.C.EU.Cash,STO,
CVHM2521,HSX,CW,Chứng quyền.VHM.KIS.M.CA.T.39,Chứng quyền.VHM.KIS.M.CA.T.39,STO,
CVHM2522,HSX,CW,Chứng quyền.VHM.KIS.M.CA.T.40,Chứng quyền.VHM.KIS.M.CA.T.40,STO,
CVHM2523,HSX,CW,Chứng quyền VHM/12M/KAFI/C/EU/CASH/2501,Chứng quyền VHM/12M/KAFI/C/EU/CASH/2501,STO,
CVHM2524,HSX,CW,Chứng quyền VHM/15M/KAFI/C/EU/CASH/2502,Chứng quyền VHM/15M/KAFI/C/EU/CASH/2502,STO,
CVIB2502,HSX,CW,CVIB2502 - Chứng quyền,CVIB2502 - Chứng quyền,STO,
CVIB2504,HSX,CW,Chứng quyền VIB/ACBS/Call/EU/Cash/12M/77,Chứng quyền VIB/ACBS/Call/EU/Cash/12M/77,STO,
CVIB2505,HSX,CW,Chứng quyền VIB/7M/SSI/C/EU/Cash-19,Chứng quyền VIB/7M/SSI/C/EU/Cash-19,STO,
CVIB2507,HSX,CW,Chứng quyền VIB/VPBANKS/C/EU/6M/CASH/25-01,Chứng quyền VIB/VPBANKS/C/EU/6M/CASH/25-01,STO,
CVIB2508,HSX,CW,Chứng quyền VIB/12M/SSI/C/EU/Cash-20,Chứng quyền VIB/12M/SSI/C/EU/Cash-20,STO,
CVIB2509,HSX,CW,Chứng quyền.VIB.KIS.M.CA.T.01,Chứng quyền.VIB.KIS.M.CA.T.01,STO,
CVIB2510,HSX,CW,Chứng quyền.VIB.KIS.M.CA.T.02,Chứng quyền.VIB.KIS.M.CA.T.02,STO,
CVIB2511,HSX,CW,Chứng quyền VIB/MBS/C/EU/CASH/6M/25-01,Chứng quyền VIB/MBS/C/EU/CASH/6M/25-01,STO,
CVIB2512,HSX,CW,Chứng quyền.VIB.VND.M.CA.T.2025.1,Chứng quyền.VIB.VND.M.CA.T.2025.1,STO,
CVIB2513,HSX,CW,Chứng quyền.VIB.VND.M.CA.T.2025.2,Chứng quyền.VIB.VND.M.CA.T.2025.2,STO,
CVIC2502,HSX,CW,CVIC2502 - Chứng quyền,CVIC2502 - Chứng quyền,STO,
CVIC2508,HSX,CW,Chứng quyền.VIC.KIS.M.CA.T.35,Chứng quyền.VIC.KIS.M.CA.T.35,STO,
CVIC2509,HSX,CW,Chứng quyền VIC-HSC-MET05,Chứng quyền VIC-HSC-MET05,STO,
CVIC2510,HSX,CW,Chứng quyền.VIC.KIS.M.CA.T.36,Chứng quyền.VIC.KIS.M.CA.T.36,STO,
CVIC2511,HSX,CW,Chứng quyền.VIC.KIS.M.CA.T.37,Chứng quyền.VIC.KIS.M.CA.T.37,STO,
CVIC2513,HSX,CW,Chứng quyền.VIC.KIS.M.CA.T.40,Chứng quyền.VIC.KIS.M.CA.T.40,STO,
CVIC2514,HSX,CW,Chứng quyền.VIC.KIS.M.CA.T.41,Chứng quyền.VIC.KIS.M.CA.T.41,STO,
CVIC2515,HSX,CW,Chứng quyền VIC/12M/KAFI/C/EU/CASH/2501,Chứng quyền VIC/12M/KAFI/C/EU/CASH/2501,STO,
CVIC2516,HSX,CW,Chứng quyền VIC/15M/KAFI/C/EU/CASH/2502,Chứng quyền VIC/15M/KAFI/C/EU/CASH/2502,STO,
CVJC2504,HSX,CW,Chứng quyền.VJC.KIS.M.CA.T.21,Chứng quyền.VJC.KIS.M.CA.T.21,STO,
CVJC2505,HSX,CW,Chứng quyền.VJC.KIS.M.CA.T.22,Chứng quyền.VJC.KIS.M.CA.T.22,STO,
CVJC2506,HSX,CW,Chứng quyền.VJC.KIS.M.CA.T.23,Chứng quyền.VJC.KIS.M.CA.T.23,STO,
CVNM2502,HSX,CW,CVNM2502 - Chứng quyền,CVNM2502 - Chứng quyền,STO,
CVNM2503,HSX,CW,Chứng quyền VNM/15M/SSI/C/EU/Cash-18,Chứng quyền VNM/15M/SSI/C/EU/Cash-18,STO,
CVNM2509,HSX,CW,Chứng quyền.VNM.KIS.M.CA.T.32,Chứng quyền.VNM.KIS.M.CA.T.32,STO,
CVNM2510,HSX,CW,Chứng quyền VNM-HSC-MET12,Chứng quyền VNM-HSC-MET12,STO,
CVNM2511,HSX,CW,Chứng quyền VNM/ACBS/Call/EU/Cash/12M/78,Chứng quyền VNM/ACBS/Call/EU/Cash/12M/78,STO,
CVNM2513,HSX,CW,Chứng quyền VNM/7M/SSI/C/EU/Cash-19,Chứng quyền VNM/7M/SSI/C/EU/Cash-19,STO,
CVNM2514,HSX,CW,Chứng quyền VNM/VPBANKS/C/EU/7M/CASH/25-01,Chứng quyền VNM/VPBANKS/C/EU/7M/CASH/25-01,STO,
CVNM2515,HSX,CW,Chứng quyền VNM/12M/SSI/C/EU/Cash-20,Chứng quyền VNM/12M/SSI/C/EU/Cash-20,STO,
CVNM2516,HSX,CW,Chứng quyền.VNM.KIS.M.CA.T.33,Chứng quyền.VNM.KIS.M.CA.T.33,STO,
CVNM2517,HSX,CW,Chứng quyền.VNM.KIS.M.CA.T.34,Chứng quyền.VNM.KIS.M.CA.T.34,STO,
CVNM2518,HSX,CW,Chứng quyền.VNM.KIS.M.CA.T.35,Chứng quyền.VNM.KIS.M.CA.T.35,STO,
CVNM2519,HSX,CW,Chứng quyền.VNM.KIS.M.CA.T.36,Chứng quyền.VNM.KIS.M.CA.T.36,STO,
CVNM2520,HSX,CW,Chứng quyền VNM.06.PHS.C.EU.Cash,Chứng quyền VNM.06.PHS.C.EU.Cash,STO,
CVNM2521,HSX,CW,Chứng quyền.VNM.KIS.M.CA.T.37,Chứng quyền.VNM.KIS.M.CA.T.37,STO,
CVNM2522,HSX,CW,Chứng quyền.VNM.VND.M.CA.T.2025.1,Chứng quyền.VNM.VND.M.CA.T.2025.1,STO,
CVNM2523,HSX,CW,Chứng quyền.VNM.VND.M.CA.T.2025.2,Chứng quyền.VNM.VND.M.CA.T.2025.2,STO,
CVPB2501,HSX,CW,CVPB2501 - Chứng quyền,CVPB2501 - Chứng quyền,STO,
CVPB2502,HSX,CW,Chứng quyền VPB/15M/SSI/C/EU/Cash-18,Chứng quyền VPB/15M/SSI/C/EU/Cash-18,STO,
CVPB2504,HSX,CW,Chứng quyền VPB/BSC/C/15M/EU/Cash/2024-01,Chứng quyền VPB/BSC/C/15M/EU/Cash/2024-01,STO,
CVPB2510,HSX,CW,Chứng quyền.VPB.KIS.M.CA.T.17,Chứng quyền.VPB.KIS.M.CA.T.17,STO,
CVPB2511,HSX,CW,Chứng quyền VPB-HSC-MET17,Chứng quyền VPB-HSC-MET17,STO,
CVPB2512,HSX,CW,Chứng quyền VPB-HSC-MET18,Chứng quyền VPB-HSC-MET18,STO,
CVPB2513,HSX,CW,Chứng quyền VPB/ACBS/Call/EU/Cash/12M/79,Chứng quyền VPB/ACBS/Call/EU/Cash/12M/79,STO,
CVPB2515,HSX,CW,Chứng quyền VPB/7M/SSI/C/EU/Cash-19,Chứng quyền VPB/7M/SSI/C/EU/Cash-19,STO,
CVPB2516,HSX,CW,Chứng quyền VPB/12M/SSI/C/EU/Cash-20,Chứng quyền VPB/12M/SSI/C/EU/Cash-20,STO,
CVPB2517,HSX,CW,Chứng quyền.VPB.KIS.M.CA.T.18,Chứng quyền.VPB.KIS.M.CA.T.18,STO,
CVPB2518,HSX,CW,Chứng quyền.VPB.KIS.M.CA.T.19,Chứng quyền.VPB.KIS.M.CA.T.19,STO,
CVPB2519,HSX,CW,Chứng quyền.VPB.KIS.M.CA.T.20,Chứng quyền.VPB.KIS.M.CA.T.20,STO,
CVPB2520,HSX,CW,Chứng quyền.VPB.KIS.M.CA.T.21,Chứng quyền.VPB.KIS.M.CA.T.21,STO,
CVPB2521,HSX,CW,Chứng quyền VPB.03.PHS.C.EU.Cash,Chứng quyền VPB.03.PHS.C.EU.Cash,STO,
CVPB2522,HSX,CW,Chứng quyền VPB.06.PHS.C.EU.Cash,Chứng quyền VPB.06.PHS.C.EU.Cash,STO,
CVPB2523,HSX,CW,Chứng quyền VPB/MBS/C/EU/CASH/6M/25-01,Chứng quyền VPB/MBS/C/EU/CASH/6M/25-01,STO,
CVPB2524,HSX,CW,Chứng quyền.VPB.KIS.M.CA.T.22,Chứng quyền.VPB.KIS.M.CA.T.22,STO,
CVPB2525,HSX,CW,Chứng quyền VPB/0125/C/EU/Cash/MSVN,Chứng quyền VPB/0125/C/EU/Cash/MSVN,STO,
CVPB2526,HSX,CW,Chứng quyền VPB/0225/C/EU/Cash/MSVN,Chứng quyền VPB/0225/C/EU/Cash/MSVN,STO,
CVPB2527,HSX,CW,Chứng quyền.VPB.VND.M.CA.T.2025.1,Chứng quyền.VPB.VND.M.CA.T.2025.1,STO,
CVPB2528,HSX,CW,Chứng quyền.VPB.VND.M.CA.T.2025.2,Chứng quyền.VPB.VND.M.CA.T.2025.2,STO,
CVPB2529,HSX,CW,Chứng quyền VPB/PINETREE/C/EU/4M/CASH/25-01,Chứng quyền VPB/PINETREE/C/EU/4M/CASH/25-01,STO,
CVPB2530,HSX,CW,Chứng quyền VPB/PINETREE/C/EU/7M/CASH/25-01,Chứng quyền VPB/PINETREE/C/EU/7M/CASH/25-01,STO,
CVPB2531,HSX,CW,Chứng quyền VPB/12M/KAFI/C/EU/CASH/2501,Chứng quyền VPB/12M/KAFI/C/EU/CASH/2501,STO,
CVPB2532,HSX,CW,Chứng quyền VPB/15M/KAFI/C/EU/CASH/2502,Chứng quyền VPB/15M/KAFI/C/EU/CASH/2502,STO,
CVRE2503,HSX,CW,CVRE2503 - Chứng quyền,CVRE2503 - Chứng quyền,STO,
CVRE2505,HSX,CW,CVRE2505 - Chứng quyền,CVRE2505 - Chứng quyền,STO,
CVRE2510,HSX,CW,Chứng quyền.VRE.KIS.M.CA.T.39,Chứng quyền.VRE.KIS.M.CA.T.39,STO,
CVRE2511,HSX,CW,Chứng quyền VRE-HSC-MET19,Chứng quyền VRE-HSC-MET19,STO,
CVRE2512,HSX,CW,Chứng quyền VRE/ACBS/Call/EU/Cash/12M/80,Chứng quyền VRE/ACBS/Call/EU/Cash/12M/80,STO,
CVRE2513,HSX,CW,Chứng quyền VRE/7M/SSI/C/EU/Cash-19,Chứng quyền VRE/7M/SSI/C/EU/Cash-19,STO,
CVRE2515,HSX,CW,Chứng quyền VRE/VPBANKS/C/EU/6M/CASH/25-01,Chứng quyền VRE/VPBANKS/C/EU/6M/CASH/25-01,STO,
CVRE2516,HSX,CW,Chứng quyền VRE/12M/SSI/C/EU/Cash-20,Chứng quyền VRE/12M/SSI/C/EU/Cash-20,STO,
CVRE2517,HSX,CW,Chứng quyền.VRE.KIS.M.CA.T.40,Chứng quyền.VRE.KIS.M.CA.T.40,STO,
CVRE2518,HSX,CW,Chứng quyền.VRE.KIS.M.CA.T.41,Chứng quyền.VRE.KIS.M.CA.T.41,STO,
CVRE2519,HSX,CW,Chứng quyền.VRE.KIS.M.CA.T.42,Chứng quyền.VRE.KIS.M.CA.T.42,STO,
CVRE2520,HSX,CW,Chứng quyền VRE.06.PHS.C.EU.Cash,Chứng quyền VRE.06.PHS.C.EU.Cash,STO,
CVRE2521,HSX,CW,Chứng quyền VRE.07.PHS.C.EU.Cash,Chứng quyền VRE.07.PHS.C.EU.Cash,STO,
CVRE2522,HSX,CW,Chứng quyền VRE/MBS/C/EU/CASH/9M/25-01,Chứng quyền VRE/MBS/C/EU/CASH/9M/25-01,STO,
CVRE2523,HSX,CW,Chứng quyền.VRE.KIS.M.CA.T.44,Chứng quyền.VRE.KIS.M.CA.T.44,STO,
CVRE2524,HSX,CW,Chứng quyền.VRE.KIS.M.CA.T.45,Chứng quyền.VRE.KIS.M.CA.T.45,STO,
CVRE2525,HSX,CW,Chứng quyền VRE/12M/KAFI/C/EU/CASH/2501,Chứng quyền VRE/12M/KAFI/C/EU/CASH/2501,STO,
CVRE2526,HSX,CW,Chứng quyền VRE/15M/KAFI/C/EU/CASH/2502,Chứng quyền VRE/15M/KAFI/C/EU/CASH/2502,STO,
CVT,HSX,STOCK,CMC JSC,Công ty Cổ phần CMC,STO,2353
D2D,HSX,STOCK,Phát triển Đô thị số 2,Công ty Cổ phần Phát triển Đô thị Công nghiệp số 2,STO,8633
DAH,HSX,STOCK,Tập đoàn Khách sạn Đông Á,Công ty Cổ phần Tập đoàn Khách sạn Đông Á,STO,5753
DAT,HSX,STOCK,ĐT Du lịch và PT Thủy sản,Công ty Cổ phần Đầu tư Du lịch và Phát triển Thủy sản,STO,3573
DBC,HSX,STOCK,Tập đoàn DABACO,Công ty Cổ phần Tập đoàn Dabaco Việt Nam,STO,3573
DBD,HSX,STOCK,Dược - TB Y tế Bình Định,Công ty Cổ phần Dược - Trang thiết bị y tế Bình Định (BIDIPHAR),STO,4577
DBT,HSX,STOCK,Dược phẩm Bến Tre,Công ty Cổ phần Dược phẩm Bến Tre,STO,4577
DC4,HSX,STOCK,Dicera Holdings,Công ty Cổ phần Dicera Holdings,STO,2357
DCL,HSX,STOCK,Dược phẩm Cửu Long,Công ty Cổ phần Dược phẩm Cửu Long,STO,4577
DCM,HSX,STOCK,Đạm Cà Mau,Công ty Cổ phần - Tổng Công ty Phân bón Dầu Khí Cà Mau,STO,1357
DGC,HSX,STOCK,Hóa chất Đức Giang,Công ty Cổ phần Tập đoàn Hóa chất Đức Giang,STO,1357
DGW,HSX,STOCK,Thế Giới Số,Công ty Cổ phần Thế Giới Số,STO,5379
DHA,HSX,STOCK,Hóa An,Công ty Cổ phần Hóa An,STO,2353
DHC,HSX,STOCK,Đông Hải Bến Tre,Công ty Cổ phần Đông Hải Bến Tre,STO,1737
DHG,HSX,STOCK,Dược Hậu Giang,Công ty Cổ phần Dược Hậu Giang,STO,4577
DHM,HSX,STOCK,Khoáng sản Dương Hiếu,Công ty Cổ phần Thương mại & Khai thác Khoáng sản Dương Hiếu,STO,1775
DIG,HSX,STOCK,DIC Corp,Tổng Công ty Cổ phần Đầu tư Phát triển Xây dựng,STO,8633
DLG,HSX,STOCK,Đức Long Gia Lai,Công ty Cổ phần Tập đoàn Đức Long Gia Lai,STO,2357
DMC,HSX,STOCK,Dược phẩm DOMESCO,Công ty Cổ phần Xuất nhập khẩu Y tế DOMESCO,STO,4577
DPG,HSX,STOCK,Tập đoàn Đạt Phương,Công ty Cổ phần Tập đoàn Đạt Phương,STO,2357
DPM,HSX,STOCK,Tổng Công ty Phân bón và Hóa chất Dầu khí,Tổng Công ty Phân bón và Hóa chất Dầu khí - Công ty Cổ phần,STO,1357
DPR,HSX,STOCK,Cao su Đồng Phú,Công ty Cổ phần Cao su Đồng Phú,STO,1353
DQC,HSX,STOCK,Tập đoàn Điện Quang,Công ty Cổ phần Tập đoàn Điện Quang,STO,3726
DRC,HSX,STOCK,Cao su Đà Nẵng,Công ty Cổ phần Cao su Đà Nẵng,STO,3357
DRH,HSX,STOCK,DRH Holdings,Công ty Cổ phần DRH Holdings,STO,8633
DRL,HSX,STOCK,Thủy điện - Điện lực 3,Công ty Cổ phần Thủy điện - Điện lực 3,STO,7535
DSC,HSX,STOCK,Chứng khoán DSC,Công ty Cổ phần Chứng khoán DSC,STO,8777
DSE,HSX,STOCK,Chứng Khoán DNSE,Công ty Cổ phần Chứng khoán DNSE,STO,8777
DSN,HSX,STOCK,Công viên nước Đầm Sen,Công ty Cổ phần Công viên nước Đầm Sen,STO,5755
DTA,HSX,STOCK,BĐS Đệ Tam,Công ty Cổ phần Đệ Tam,STO,8633
DTL,HSX,STOCK,Đại Thiên Lộc,Công ty Cổ phần Đại Thiên Lộc,STO,1757
DTT,HSX,STOCK,Kỹ nghệ Đô Thành,Công ty Cổ phần Kỹ nghệ Đô Thành,STO,1353
DVP,HSX,STOCK,ĐT và PT Cảng Đình Vũ,Công ty Cổ phần Đầu tư và Phát triển Cảng Đình Vũ,STO,2777
DXG,HSX,STOCK,Địa ốc Đất Xanh,Công ty Cổ phần Tập đoàn Đất Xanh,STO,8633
DXS,HSX,STOCK,Dịch vụ BĐS Đất Xanh,Công ty Cổ phần Dịch vụ Bất động sản Đất Xanh,STO,8637
DXV,HSX,STOCK,Vật liệu Xây dựng Đà Nẵng,Công ty Cổ phần VICEM Vật liệu Xây dựng Đà Nẵng,STO,2353
E1VFVN30,HSX,ETF,Quỹ ETF DCVFMVN30,Quỹ ETF DCVFMVN30,STO,
EIB,HSX,STOCK,Eximbank,Ngân hàng Thương mại Cổ phần Xuất nhập khẩu Việt Nam,STO,8355
ELC,HSX,STOCK,ELCOM,Công ty Cổ phần Công nghệ - Viễn thông ELCOM,STO,9578
EVE,HSX,STOCK,Everpia,Công ty Cổ phần Everpia,STO,3763
EVF,HSX,STOCK,Tài chính Tổng hợp Điện lực,Công ty Tài chính Tổng hợp Cổ phần Điện Lực,STO,8773
EVG,HSX,STOCK,Tập đoàn Everland,Công ty Cổ phần Tập đoàn Everland,STO,2357
FCM,HSX,STOCK,Bê tông Phan Vũ Hà Nam,Công ty Cổ phần Bê tông Phan Vũ Hà Nam,STO,2353
FCN,HSX,STOCK,FECON CORP,Công ty Cổ phần FECON,STO,2357
FDC,HSX,STOCK,FIDECO,Công ty Cổ phần Ngoại thương và Phát triển Đầu tư Thành phố Hồ Chí Minh,STO,8633
FIR,HSX,STOCK,Địa ốc First Real,Công ty Cổ phần Địa ốc First Real,STO,8633
FIT,HSX,STOCK,Tập đoàn F.I.T,Công ty Cổ phần Tập đoàn F.I.T,STO,4577
FMC,HSX,STOCK,Thực phẩm Sao Ta,Công ty Cổ phần Thực phẩm Sao Ta,STO,3573
FPT,HSX,STOCK,FPT Corp,Công ty Cổ phần FPT,STO,9537
FRT,HSX,STOCK,Bán lẻ FPT,Công ty Cổ phần Bán lẻ Kỹ thuật số FPT,STO,5379
FTS,HSX,STOCK,Chứng khoán FPT,Công ty Cổ phần Chứng khoán FPT,STO,8777
FUCTVGF3,HSX,UNIT_TRUST,Quỹ Đầu tư Tăng trưởng Thiên Việt 3,Quỹ Đầu tư Tăng trưởng Thiên Việt 3,STO,
FUCTVGF4,HSX,UNIT_TRUST,Quỹ Đầu tư Tăng trưởng Thiên Việt 4,Quỹ Đầu tư Tăng trưởng Thiên Việt 4,STO,
FUCTVGF5,HSX,UNIT_TRUST,Quỹ Đầu tư Tăng trưởng Thiên Việt 5,Quỹ Đầu tư Tăng trưởng Thiên Việt 5,STO,
FUCVREIT,HSX,UNIT_TRUST,Quỹ Đầu tư Bất động sản Techcom Việt Nam,Quỹ Đầu tư Bất động sản Techcom Việt Nam,STO,
FUEABVND,HSX,ETF,Quỹ ETF ABFVN DIAMOND,Quỹ ETF ABFVN DIAMOND,STO,
FUEBFVND,HSX,ETF,Quỹ ETF BVFVN DIAMOND,Quỹ ETF BVFVN DIAMOND,STO,
FUEDCMID,HSX,ETF,Quỹ ETF DCVFMVNMIDCAP,Quỹ ETF DCVFMVNMIDCAP,STO,
FUEFCV50,HSX,ETF,Quỹ ETF FPT CAPITAL VNX50,Quỹ ETF FPT CAPITAL VNX50,STO,
FUEIP100,HSX,ETF,Quỹ ETF IPAAM VN100,Quỹ ETF IPAAM VN100,STO,
FUEKIV30,HSX,ETF,Quỹ ETF KIM Growth VN30,Quỹ ETF KIM Growth VN30,STO,
FUEKIVFS,HSX,ETF,Quỹ ETF KIM Growth VNFINSELECT,Quỹ ETF KIM Growth VNFINSELECT,STO,
FUEKIVND,HSX,ETF,Quỹ ETF KIM GROWTH VN DIAMOND,Quỹ ETF KIM GROWTH VN DIAMOND,STO,
FUEMAV30,HSX,ETF,Quỹ ETF MAFM VN30,Quỹ ETF MAFM VN30,STO,
FUEMAVND,HSX,ETF,Quỹ ETF MAFM VNDIAMOND,Quỹ ETF MAFM VNDIAMOND,STO,
FUESSV30,HSX,ETF,Quỹ ETF SSIAM VN30,Quỹ ETF SSIAM VN30,STO,
FUESSV50,HSX,ETF,Quỹ ETF SSIAM VNX50,Quỹ ETF SSIAM VNX50,STO,
FUESSVFL,HSX,ETF,Quỹ ETF SSIAM VNFIN LEAD,Quỹ ETF SSIAM VNFIN LEAD,STO,
FUETCC50,HSX,ETF,Quỹ ETF TECHCOM CAPITAL VNX50,Quỹ ETF TECHCOM CAPITAL VNX50,STO,
FUETPVND,HSX,ETF,Quỹ ETF VFCVN DIAMOND,Quỹ ETF VFCVN DIAMOND,STO,
FUEVFVND,HSX,ETF,Quỹ ETF DCVFMVN DIAMOND,Quỹ ETF DCVFMVN DIAMOND,STO,
FUEVN100,HSX,ETF,Quỹ ETF VINACAPITAL VN100,Quỹ ETF VINACAPITAL VN100,STO,
GAS,HSX,STOCK,PV Gas,Tổng Công ty Khí Việt Nam - Công ty Cổ phần,STO,7573
GDT,HSX,STOCK,Gỗ Đức Thành,Công ty Cổ phần Chế biến Gỗ Đức Thành,STO,3726
GEE,HSX,STOCK,Thiết bị điện GELEX,Công ty Cổ phần Điện lực Gelex,STO,2737
GEG,HSX,STOCK,Điện Gia Lai,Công ty Cổ phần Điện Gia Lai,STO,7535
GEX,HSX,STOCK,Tập đoàn Gelex,Công ty Cổ phần Tập đoàn Gelex,STO,2737
GIL,HSX,STOCK,XNK Bình Thạnh,Công ty Cổ phần Sản xuất Kinh doanh Xuất nhập khẩu Bình Thạnh,STO,3763
GMD,HSX,STOCK,Gemadept,Công ty Cổ phần Gemadept,STO,2777
GMH,HSX,STOCK,Minh Hưng Quảng Trị,Công ty Cổ phần Minh Hưng Quảng Trị,STO,2353
GSP,HSX,STOCK,Vận tải Sản phẩm Khí Quốc tế,Công ty Cổ phần Vận tải Sản phẩm Khí Quốc tế,STO,2773
GTA,HSX,STOCK,Gỗ Thuận An,Công ty Cổ phần Chế biến Gỗ Thuận An,STO,1733
GVR,HSX,STOCK,Tập đoàn CN Cao su VN,Tập đoàn Công nghiệp Cao su Việt Nam - Công ty Cổ phần,STO,1353
HAG,HSX,STOCK,Hoàng Anh Gia Lai,Công ty Cổ phần Hoàng Anh Gia Lai,STO,3573
HAH,HSX,STOCK,Vận tải và Xếp dỡ Hải An,Công ty Cổ phần Vận tải và Xếp dỡ Hải An,STO,2777
HAP,HSX,STOCK,Tập đoàn Hapaco,Công ty Cổ phần Tập Đoàn Hapaco,STO,1737
HAR,HSX,STOCK,BĐS An Dương Thảo Điền,Công ty Cổ phần Đầu tư Thương mại Bất động sản An Dương Thảo Điền,STO,8633
HAS,HSX,STOCK,Hacisco,Công ty Cổ phần Hacisco,STO,2357
HAX,HSX,STOCK,Ô tô Hàng Xanh,Công ty Cổ phần Dịch vụ Ô tô Hàng Xanh,STO,3353
HCD,HSX,STOCK,SX và Thương mại HCD,Công ty Cổ phần Đầu tư Sản xuất và Thương mại HCD,STO,1353
HCM,HSX,STOCK,Chứng khoán HSC,Công ty Cổ phần Chứng khoán Thành phố Hồ Chí Minh,STO,8777
HDB,HSX,STOCK,HDBank,Ngân hàng Thương mại Cổ phần Phát Triển Thành phố Hồ Chí Minh,STO,8355
HDC,HSX,STOCK,Phát triển Nhà BR-VT,Công ty Cổ phần Phát triển Nhà Bà Rịa Vũng Tàu,STO,8633
HDG,HSX,STOCK,Tập đoàn Hà Đô,Công ty Cổ phần Tập đoàn Hà Đô,STO,8633
HHP,HSX,STOCK,HHP Global,Công ty Cổ phần HHP Global,STO,1737
HHS,HSX,STOCK,Đầu tư DV Hoàng Huy,Công ty Cổ phần Đầu tư Dịch vụ Hoàng Huy,STO,3353
HHV,HSX,STOCK,Đầu tư Hạ tầng Giao thông Đèo Cả,Công ty Cổ phần Đầu tư Hạ tầng Giao thông Đèo Cả,STO,2357
HID,HSX,STOCK,Halcom Vietnam,Công ty Cổ phần Halcom Vietnam,STO,2357
HII,HSX,STOCK,An Tiến Industries,Công ty Cổ phần An Tiến Industries,STO,1353
HMC,HSX,STOCK,Kim khí TP.HCM,Công ty Cổ phần Kim khí Thành phố Hồ Chí Minh - VNSTEEL,STO,1757
HNA,HSX,STOCK,Thủy điện Hủa Na,Công ty Cổ phần Thủy điện Hủa Na,STO,7535
HPG,HSX,STOCK,Hòa Phát,Công ty Cổ phần Tập đoàn Hòa Phát,STO,1757
HPX,HSX,STOCK,Đầu tư Hải Phát,Công ty Cổ phần Đầu tư Hải Phát,STO,8633
HQC,HSX,STOCK,Địa ốc Hoàng Quân,Công ty Cổ phần Tư vấn - Thương mại - Dịch vụ Địa ốc Hoàng Quân,STO,8633
HRC,HSX,STOCK,Cao su Hòa Bình,Công ty Cổ phần Cao su Hòa Bình,STO,1353
HSG,HSX,STOCK,Tập đoàn Hoa Sen,Công ty Cổ phần Tập đoàn Hoa Sen,STO,1757
HSL,HSX,STOCK,Thực phẩm Hồng Hà,Công ty Cổ phần Đầu tư Phát triển Thực phẩm Hồng Hà,STO,3577
HT1,HSX,STOCK,VICEM Hà Tiên,Công ty Cổ phần Xi măng VICEM Hà Tiên,STO,2353
HTG,HSX,STOCK,Dệt may Hòa Thọ,Tổng Công ty Cổ phần Dệt may Hòa Thọ,STO,3763
HTI,HSX,STOCK,PT Hạ tầng IDICO,Công ty Cổ phần Đầu tư Phát triển Hạ tầng IDICO,STO,2357
HTL,HSX,STOCK,Ô tô Trường Long,Công ty Cổ phần Kỹ thuật và Ô tô Trường Long,STO,3353
HTN,HSX,STOCK,Hưng Thịnh Incons,Công ty Cổ phần Hưng Thịnh Incons,STO,8633
HTV,HSX,STOCK,Logistics Vicem,Công ty Cổ phần Logistics Vicem,STO,2773
HU1,HSX,STOCK,Xây dựng HUD1,Công ty Cổ phần Đầu tư và Xây dựng HUD1,STO,2357
HUB,HSX,STOCK,Xây lắp Huế,Công ty Cổ phần Xây lắp Thừa Thiên Huế,STO,2357
HVH,HSX,STOCK,Đầu tư và Công nghệ HVC,Công ty Cổ phần Đầu tư và Công nghệ HVC,STO,2357
HVN,HSX,STOCK,Vietnam Airlines,Tổng Công ty Hàng không Việt Nam - CTCP,STO,5751
HVX,HSX,STOCK,Xi măng Vicem Hải Vân,Công ty Cổ phần Xi măng Vicem Hải Vân,STO,2353
ICT,HSX,STOCK,Viễn thông - Tin học Bưu điện,Công ty Cổ phần Viễn thông - Tin học Bưu điện,STO,9537
IDI,HSX,STOCK,Đầu tư và PT Đa Quốc Gia I.D.I,Công ty Cổ phần Đầu tư và Phát triển Đa Quốc Gia I.D.I,STO,3573
IJC,HSX,STOCK,Becamex IJC,Công ty Cổ phần Phát triển Hạ tầng Kỹ thuật,STO,8633
ILB,HSX,STOCK,ICD Tân Cảng Long Bình,Công ty Cổ phần ICD Tân Cảng - Long Bình,STO,2777
IMP,HSX,STOCK,IMEXPHARM,Công ty Cổ phần Dược phẩm IMEXPHARM,STO,4577
ITC,HSX,STOCK,Đầu tư kinh doanh Nhà,Công ty Cổ phần Đầu tư - Kinh doanh nhà,STO,8633
ITD,HSX,STOCK,Công nghệ ITD,Công ty Cổ phần Công nghệ ITD,STO,9537
JVC,HSX,STOCK,Đầu tư Y tế - Dược phẩm Việt Nam,Công ty Cổ phần Đầu tư Y tế - Dược phẩm Việt Nam,STO,4535
KBC,HSX,STOCK,TCT Đô thị Kinh Bắc,Tổng Công ty Phát triển Đô thị Kinh Bắc,STO,8633
KDC,HSX,STOCK,Tập đoàn KIDO,Công ty Cổ phần Tập đoàn KIDO,STO,3577
KDH,HSX,STOCK,Nhà Khang Điền,Công ty Cổ phần Đầu tư và Kinh doanh nhà Khang Điền,STO,8633
KHG,HSX,STOCK,Tập đoàn Khải Hoàn Land,Công ty Cổ phần Tập đoàn Khải Hoàn Land,STO,8633
KHP,HSX,STOCK,Điện lực Khánh Hòa,Công ty Cổ phần Điện lực Khánh Hòa,STO,7535
KMR,HSX,STOCK,MIRAE,Công ty Cổ phần Mirae,STO,3763
KOS,HSX,STOCK,Công ty KOSY,Công ty Cổ phần KOSY,STO,8633
KSB,HSX,STOCK,Khoáng sản Bình Dương,Công ty Cổ phần Khoáng sản và Xây dựng Bình Dương,STO,2353
L10,HSX,STOCK,LILAMA 10,Công ty Cổ phần Lilama 10,STO,2757
LAF,HSX,STOCK,Chế biến Hàng XK Long An,Công ty Cổ phần Chế biến Hàng Xuất khẩu Long An,STO,3577
LBM,HSX,STOCK,Khoáng sản Lâm Đồng,Công ty Cổ phần Khoáng sản và Vật liệu xây dựng Lâm Đồng,STO,2353
LCG,HSX,STOCK,LIZEN,Công ty Cổ phần Lizen,STO,2357
LDG,HSX,STOCK,Đầu tư LDG,Công ty Cổ phần Đầu tư LDG,STO,8633
LGC,HSX,STOCK,Đầu tư Cầu đường CII,Công ty Cổ phần Đầu tư Cầu đường CII,STO,2357
LGL,HSX,STOCK,Long Giang Land,Công ty Cổ phần Đầu tư và Phát triển Đô thị Long Giang,STO,8633
LHG,HSX,STOCK,KCN Long Hậu,Công ty Cổ phần Long Hậu,STO,8633
LIX,HSX,STOCK,Bột Giặt LIX,Công ty Cổ phần Bột Giặt LIX,STO,3767
LM8,HSX,STOCK,LILAMA 18,Công ty Cổ phần Lilama 18,STO,2357
LPB,HSX,STOCK,LPBank,Ngân hàng Thương mại Cổ phần Lộc Phát Việt Nam,STO,8355
LSS,HSX,STOCK,Mía đường Lam Sơn,Công ty Cổ phần Mía đường Lam Sơn,STO,3577
MBB,HSX,STOCK,MBBank,Ngân hàng Thương mại Cổ phần Quân đội,STO,8355
MCM,HSX,STOCK,Giống bò sữa Mộc Châu,Công ty Cổ phần Giống bò sữa Mộc Châu,STO,3577
MCP,HSX,STOCK,In và Bao bì Mỹ Châu,Công ty Cổ phần In và Bao bì Mỹ Châu,STO,2723
MDG,HSX,STOCK,Xây dựng Miền Đông,Công ty Cổ phần Miền Đông,STO,2353
MHC,HSX,STOCK,CTCP MHC,Công ty Cổ phần MHC,STO,2779
MIG,HSX,STOCK,Bảo hiểm Quân đội,Tổng Công ty Cổ phần Bảo hiểm Quân đội,STO,8536
MSB,HSX,STOCK,MSB Bank,Ngân hàng Thương mại Cổ phần Hàng Hải Việt Nam,STO,8355
MSH,HSX,STOCK,May Sông Hồng,Công ty Cổ phần May Sông Hồng,STO,3763
MSN,HSX,STOCK,Tập đoàn Masan,Công ty Cổ phần Tập đoàn Masan,STO,3577
MWG,HSX,STOCK,Thế giới di động,Công ty Cổ phần Đầu tư Thế Giới Di Động,STO,5379
NAB,HSX,STOCK,Ngân hàng Nam Á,Ngân hàng Thương mại Cổ phần Nam Á,STO,8355
NAF,HSX,STOCK,Nafoods Group,Công ty Cổ phần Nafoods Group,STO,3537
NAV,HSX,STOCK,Tấm lợp và gỗ Nam Việt,Công ty Cổ phần Nam Việt,STO,2353
NBB,HSX,STOCK,577 CORP,Công ty Cổ phần Đầu tư Năm Bảy Bảy,STO,8633
NCT,HSX,STOCK,DV Hàng hóa Nội Bài,Công ty Cổ phần Dịch vụ Hàng hóa Nội Bài,STO,2777
NHA,HSX,STOCK,PT Nhà và Đô thị Nam HN,Tổng Công ty Đầu tư Phát triển Nhà và Đô thị Nam Hà Nội,STO,2357
NHH,HSX,STOCK,Nhựa Hà Nội,Công ty Cổ phần Nhựa Hà Nội,STO,1353
NHT,HSX,STOCK,Sản xuất và Thương mại Nam Hoa,Công ty Cổ phần Sản xuất và Thương mại Nam Hoa,STO,3747
NKG,HSX,STOCK,Thép Nam Kim,Công ty Cổ phần Thép Nam Kim,STO,1757
NLG,HSX,STOCK,BĐS Nam Long,Công ty Cổ phần Đầu tư Nam Long,STO,8633
NNC,HSX,STOCK,Đá Núi Nhỏ,Công ty Cổ phần Đá Núi Nhỏ,STO,2353
NO1,HSX,STOCK,Tâp đoàn 911,Công ty Cổ phần Tâp đoàn 911,STO,2757
NSC,HSX,STOCK,Tập đoàn Giống cây trồng Việt Nam,Công ty Cổ phần Tập đoàn Giống cây trồng Việt Nam,STO,3573
NT2,HSX,STOCK,Điện lực Nhơn Trạch 2,Công ty Cổ phần Điện lực Dầu khí Nhơn Trạch 2,STO,7535
NTC,HSX,STOCK,KCN Nam Tân Uyên,Công ty Cổ phần Khu Công nghiệp Nam Tân Uyên,STO,8633
NTL,HSX,STOCK,Đô thị Từ Liêm,Công ty Cổ phần Phát triển Đô thị Từ Liêm,STO,8633
NVL,HSX,STOCK,Novaland,Công ty Cổ phần Tập đoàn Đầu tư Địa ốc No Va,STO,8633
NVT,HSX,STOCK,Ninh Vân Bay,Công ty Cổ phần Bất động sản Du lịch Ninh Vân Bay,STO,8633
OCB,HSX,STOCK,Ngân hàng Phương Đông,Ngân hàng Thương mại Cổ phần Phương Đông,STO,8355
OGC,HSX,STOCK,Tập đoàn Đại Dương,Công ty Cổ phần Tập đoàn Đại Dương,STO,8775
OPC,HSX,STOCK,Dược phẩm OPC,Công ty Cổ phần Dược Phẩm OPC,STO,4577
ORS,HSX,STOCK,Chứng khoán Tiên Phong,Công ty Cổ phần Chứng khoán Tiên Phong,STO,8777
PAC,HSX,STOCK,Pin Ắc quy Miền Nam,Công ty Cổ phần Pin Ắc quy Miền Nam,STO,2733
PAN,HSX,STOCK,Tập đoàn PAN,Công ty Cổ phần Tập đoàn PAN,STO,3577
PC1,HSX,STOCK,Tập đoàn PC1,Công ty Cổ phần Tập đoàn PC1,STO,2357
PDN,HSX,STOCK,Cảng Đồng Nai,Công ty Cổ phần Cảng Đồng Nai,STO,2777
PDR,HSX,STOCK,BĐS Phát Đạt,Công ty Cổ phần Phát triển Bất động sản Phát Đạt,STO,8633
PDV,HSX,STOCK,Vận tải Phương Đông Việt,Công ty Cổ phần Vận tải và Tiếp vận Phương Đông Việt,STO,2773
PET,HSX,STOCK,Dịch vụ Tổng hợp Dầu khí,Tổng Công ty Cổ phần Dịch vụ Tổng hợp Dầu khí,STO,5379
PGC,HSX,STOCK,Gas Petrolimex,Tổng Công ty Gas Petrolimex - Công ty Cổ phần,STO,7573
PGD,HSX,STOCK,PV GAS D,Công ty Cổ phần Phân phối khí thấp áp dầu khí Việt Nam,STO,7573
PGI,HSX,STOCK,Bảo hiểm PJICO,Tổng Công ty Cổ phần Bảo hiểm Petrolimex,STO,8536
PGV,HSX,STOCK,Tổng Công ty Phát điện 3,Tổng Công ty Phát điện 3 - Công ty Cổ phần,STO,7535
PHC,HSX,STOCK,Xây dựng Phục Hưng Holdings,Công ty Cổ phần Xây dựng Phục Hưng Holdings,STO,2357
PHR,HSX,STOCK,Cao su Phước Hòa,Công ty Cổ phần Cao su Phước Hòa,STO,1353
PIT,HSX,STOCK,XNK PETROLIMEX,Công ty Cổ phần Xuất nhập khẩu Petrolimex,STO,5373
PJT,HSX,STOCK,Vận tải thủy PETROLIMEX,Công ty Cổ phần Vận tải Xăng dầu đường thủy Petrolimex,STO,2773
PLP,HSX,STOCK,SX và CN Nhựa Pha Lê,Công ty Cổ phần Sản xuất và Công nghệ Nhựa Pha Lê,STO,1353
PLX,HSX,STOCK,Petrolimex,Tập đoàn Xăng dầu Việt Nam,STO,0533
PMG,HSX,STOCK,ĐT và SX Petro Miền Trung,Công ty Cổ phần Đầu tư và Sản xuất Petro Miền Trung,STO,7573
PNC,HSX,STOCK,Văn hóa Phương Nam,Công ty Cổ phần Văn hóa Phương Nam,STO,5557
PNJ,HSX,STOCK,Vàng Phú Nhuận,Công ty Cổ phần Vàng bạc Đá quý Phú Nhuận,STO,3767
POW,HSX,STOCK,Điện lực Dầu khí Việt Nam,Tổng Công ty Điện lực Dầu khí Việt Nam - CTCP,STO,7535
PPC,HSX,STOCK,Nhiệt điện Phả Lại,Công ty Cổ phần Nhiệt điện Phả Lại,STO,7535
PTB,HSX,STOCK,Công ty Cổ phần Phú Tài,Công ty Cổ phần Phú Tài,STO,1733
PTC,HSX,STOCK,Đầu tư ICAPITAL,Công ty Cổ phần Đầu tư ICAPITAL,STO,2357
PTL,HSX,STOCK,Victory Group,Công ty Cổ phần Victory Group,STO,8633
PVD,HSX,STOCK,Khoan Dầu khí PVDrilling,Tổng Công ty Cổ phần Khoan và Dịch vụ khoan Dầu khí,STO,0573
PVP,HSX,STOCK,Vận tải Dầu khí Thái Bình Dương,Công ty Cổ phần Vận tải Dầu khí Thái Bình Dương,STO,2779
PVT,HSX,STOCK,Vận tải Dầu khí PVTrans,Tổng Công ty Cổ phần Vận tải Dầu khí,STO,2773
QCG,HSX,STOCK,Quốc Cường Gia Lai,Công ty Cổ phần Quốc Cường Gia Lai,STO,8633
QNP,HSX,STOCK,Cảng Quy Nhơn,Công ty Cổ phần Cảng Quy Nhơn,STO,2777
RAL,HSX,STOCK,Bóng đèn Phích nước Rạng Đông,Công ty Cổ phần Bóng đèn Phích nước Rạng Đông,STO,3726
REE,HSX,STOCK,Cơ Điện Lạnh REE,Công ty Cổ phần Cơ điện Lạnh,STO,7535
RYG,HSX,STOCK,Sản xuất và Đầu tư Hoàng Gia,Công ty Cổ phần Sản xuất và Đầu tư Hoàng Gia,STO,2353
S4A,HSX,STOCK,Thủy điện Sê San 4A,Công ty Cổ phần Thủy điện Sê San 4A,STO,7535
SAB,HSX,STOCK,SABECO,Tổng Công ty Cổ phần Bia - Rượu - Nước Giải khát Sài Gòn,STO,3533
SAM,HSX,STOCK,SAM Holdings,Công ty Cổ phần SAM Holdings,STO,9578
SAV,HSX,STOCK,Savimex,Công ty Cổ phần Hợp tác Kinh tế và Xuất nhập khẩu Savimex,STO,1733
SBA,HSX,STOCK,Sông Ba JSC,Công ty Cổ phần Sông Ba,STO,7535
SBG,HSX,STOCK,Tập Đoàn Cơ Khí Công Nghệ Cao Siba,Công ty Cổ Phần Tập Đoàn Cơ Khí Công Nghệ Cao Siba,STO,2727
SBT,HSX,STOCK,Mía đường Thành Thành Công - Biên Hòa,Công ty Cổ phần Thành Thành Công - Biên Hòa,STO,3577
SBV,HSX,STOCK,Siam Brothers Việt Nam,Công ty Cổ phần Siam Brothers Việt Nam,STO,5379
SC5,HSX,STOCK,Xây dựng Số 5,Công ty Cổ phần Xây dựng số 5,STO,2357
SCR,HSX,STOCK,TTC Land,Công ty Cổ phần Địa Ốc Sài Gòn Thương Tín,STO,8633
SCS,HSX,STOCK,DV Hàng hóa Sài Gòn,Công ty Cổ phần Dịch vụ Hàng hóa Sài Gòn,STO,5751
SFC,HSX,STOCK,Nhiên liệu Sài Gòn,Công ty Cổ phần Nhiên liệu Sài Gòn,STO,7573
SFG,HSX,STOCK,Phân bón Miền Nam,Công ty Cổ phần Phân bón Miền Nam,STO,1357
SFI,HSX,STOCK,Vận tải SAFI,Công ty Cổ phần Đại lý Vận tải SAFI,STO,2773
SGN,HSX,STOCK,Phục vụ mặt đất Sài Gòn,Công ty Cổ phần Phục vụ mặt đất Sài Gòn,STO,2777
SGR,HSX,STOCK,Địa ốc Sài Gòn,Công ty Cổ phần Tổng Công ty Cổ phần Địa ốc Sài Gòn,STO,8633
SGT,HSX,STOCK,Sài Gòn Telecom,Công ty Cổ phần Công nghệ Viễn thông Sài Gòn,STO,9535
SHA,HSX,STOCK,Sơn Hà Sài Gòn,Công ty Cổ phần Sơn Hà Sài Gòn,STO,1757
SHB,HSX,STOCK,SHB,Ngân hàng Thương mại Cổ phần Sài Gòn – Hà Nội,STO,8355
SHI,HSX,STOCK,Quốc tế Sơn Hà,Công ty Cổ phần Quốc tế Sơn Hà,STO,1757
SHP,HSX,STOCK,Thủy điện Miền Nam,Công ty Cổ phần Thủy điện Miền Nam,STO,7535
SIP,HSX,STOCK,Đầu tư Sài Gòn VRG,Công ty Cổ phần Đầu tư Sài Gòn VRG,STO,8633
SJD,HSX,STOCK,Thủy điện Cần Đơn,Công ty Cổ phần Thủy điện Cần Đơn,STO,7535
SJS,HSX,STOCK,SJ Group,Công ty Cổ phần SJ Group,STO,8633
SKG,HSX,STOCK,Tàu Cao tốc Superdong,Công ty Cổ phần Tàu Cao tốc Superdong - Kiên Giang,STO,5759
SMA,HSX,STOCK,Thiết bị Phụ tùng Sài Gòn,Công ty Cổ phần Thiết bị Phụ tùng Sài Gòn,STO,7535
SMB,HSX,STOCK,Bia Sài Gòn - Miền Trung,Công ty Cổ phần Bia Sài Gòn - Miền Trung,STO,3533
SMC,HSX,STOCK,Đầu tư Thương mại SMC,Công ty Cổ phần Đầu tư Thương mại SMC,STO,1757
SPM,HSX,STOCK,S.P.M CORP,Công ty Cổ phần S.P.M,STO,4577
SRC,HSX,STOCK,Cao su Sao Vàng,Công ty Cổ phần Cao su Sao Vàng,STO,3357
SRF,HSX,STOCK,SEAREFICO,Công ty Cổ phần Searefico,STO,2757
SSB,HSX,STOCK,SeABank,Ngân hàng Thương mại Cổ phần Đông Nam Á,STO,8355
SSC,HSX,STOCK,Giống cây trồng Miền Nam,Công ty Cổ phần Giống cây trồng Miền Nam,STO,3573
SSI,HSX,STOCK,Chứng khoán SSI,Công ty Cổ phần Chứng khoán SSI,STO,8777
ST8,HSX,STOCK,Tập đoàn ST8,Công ty Cổ phần Tập đoàn ST8,STO,9574
STB,HSX,STOCK,Sacombank,Ngân hàng Thương mại Cổ phần Sài Gòn Thương Tín,STO,8355
STG,HSX,STOCK,Kho Vận Miền Nam,Công ty Cổ phần Kho Vận Miền Nam,STO,2777
STK,HSX,STOCK,Sợi Thế Kỷ,Công ty Cổ phần Sợi Thế Kỷ,STO,3763
SVC,HSX,STOCK,SAVICO,Công ty Cổ phần Dịch vụ tổng hợp Sài Gòn,STO,3353
SVD,HSX,STOCK,Đầu tư & Thương mại Vũ Đăng,Công ty Cổ phần Đầu tư & Thương mại Vũ Đăng,STO,3763
SVI,HSX,STOCK,Bao bì Biên Hòa,Công ty Cổ phần Bao bì Biên Hòa,STO,2723
SVT,HSX,STOCK,Công nghệ SG Viễn Đông,Công ty Cổ phần Công nghệ Sài Gòn Viễn Đông,STO,5377
SZC,HSX,STOCK,Sonadezi Châu Đức,Công ty Cổ phần Sonadezi Châu Đức,STO,8633
SZL,HSX,STOCK,Sonadezi Long Thành,Công ty Cổ phần Sonadezi Long Thành,STO,8633
TAL,HSX,STOCK,Đầu Tư Bất Động Sản Taseco,Công Ty Cổ Phần Đầu Tư Bất Động Sản Taseco,STO,8633
TBC,HSX,STOCK,Thủy điện Thác Bà,Công ty Cổ phần Thủy điện Thác Bà,STO,7535
TCB,HSX,STOCK,Techcombank,Ngân hàng Thương mại Cổ phần Kỹ thương Việt Nam,STO,8355
TCD,HSX,STOCK,Tập đoàn Xây dựng Tracodi,Công ty cổ phần Tập đoàn Xây dựng Tracodi,STO,2357
TCH,HSX,STOCK,ĐT DV Tài chính Hoàng Huy,Công ty Cổ phần Đầu tư Dịch vụ Tài chính Hoàng Huy,STO,8633
TCI,HSX,STOCK,Chứng khoán Thành Công,Công ty Cổ phần Chứng khoán Thành Công,STO,8777
TCL,HSX,STOCK,Tan Cang Logistics,Công ty Cổ phần Đại lý Giao nhận Vận tải Xếp dỡ Tân Cảng,STO,2779
TCM,HSX,STOCK,Dệt may Thành Công,Công ty Cổ phần Dệt may - Đầu tư - Thương mại Thành Công,STO,3763
TCO,HSX,STOCK,TCO Holdings,Công ty Cổ phần TCO Holdings,STO,3573
TCR,HSX,STOCK,Gốm sứ TAICERA,Công ty Cổ phần Công nghiệp Gốm sứ TAICERA,STO,2353
TCT,HSX,STOCK,Cáp treo Tây Ninh,Công ty Cổ phần Cáp treo Núi Bà Tây Ninh,STO,5759
TCX,HSX,STOCK,Chứng khoán TCBS,Công ty Cổ phần Chứng khoán Kỹ Thương,STO,8777
TDC,HSX,STOCK,Becamex TDC,Công ty Cổ phần Kinh doanh và Phát triển Bình Dương,STO,8637
TDG,HSX,STOCK,Đầu tư TDG Global,Công ty Cổ phần Đầu tư TDG Global,STO,7573
TDH,HSX,STOCK,Thủ Đức House,Công ty Cổ phần Phát triển Nhà Thủ Đức,STO,8633
TDM,HSX,STOCK,Nước Thủ Dầu Một,Công ty Cổ phần Nước Thủ Dầu Một,STO,7577
TDP,HSX,STOCK,Công ty Thuận Đức,Công ty Cổ phần Thuận Đức,STO,2723
TDW,HSX,STOCK,Cấp nước Thủ Đức,Công ty Cổ phần Cấp nước Thủ Đức,STO,7577
TEG,HSX,STOCK,TECGROUP,Công ty Cổ phần Năng Lượng và Bất động sản Trường Thành,STO,8633
THG,HSX,STOCK,XD Tiền Giang,Công ty Cổ phần Đầu tư và Xây dựng Tiền Giang,STO,2353
TIP,HSX,STOCK,PT KCN Tín Nghĩa,Công ty Cổ phần Phát triển Khu công nghiệp Tín Nghĩa,STO,8633
TIX,HSX,STOCK,TANIMEX,Công ty Cổ phần Sản xuất Kinh doanh Xuất nhập khẩu Dịch vụ và Đầu tư Tân Bình,STO,8633
TLD,HSX,STOCK,ĐT XD và PT Đô thị Thăng Long,Công ty Cổ phần Đầu tư Xây dựng và Phát triển Đô thị Thăng Long,STO,2353
TLG,HSX,STOCK,Tập đoàn Thiên Long,Công ty Cổ phần Tập đoàn Thiên Long,STO,3724
TLH,HSX,STOCK,Thép Tiến Lên,Công ty Cổ phần Tập đoàn Thép Tiến Lên,STO,1757
TMP,HSX,STOCK,Thủy điện Thác Mơ,Công ty Cổ phần Thủy điện Thác Mơ,STO,7535
TMS,HSX,STOCK,Transimex,Công ty Cổ phần Transimex,STO,2777
TMT,HSX,STOCK,Ô tô TMT,Công ty Cổ phần Ô tô TMT,STO,3353
TN1,HSX,STOCK,Rox Key Holdings,Công ty Cổ phần Rox Key Holdings,STO,8633
TNC,HSX,STOCK,Cao su Thống Nhất,Công ty Cổ phần Cao su Thống Nhất,STO,1353
TNH,HSX,STOCK,Tập đoàn Bệnh viện TNH,Công ty Cổ phần Tập đoàn Bệnh viện TNH,STO,4533
TNI,HSX,STOCK,Tập đoàn Thành Nam,Công ty Cổ phần Tập đoàn Thành Nam,STO,1757
TNT,HSX,STOCK,Tập đoàn TNT,Công ty Cổ phần Tập đoàn TNT,STO,2353
TPB,HSX,STOCK,TPBank,Ngân hàng Thương mại Cổ phần Tiên Phong,STO,8355
TPC,HSX,STOCK,Nhựa Tân Đại Hưng,Công ty Cổ phần Nhựa Tân Đại Hưng,STO,1353
TRA,HSX,STOCK,Traphaco,Công ty Cổ phần Traphaco,STO,4577
TRC,HSX,STOCK,Cao su Tây Ninh,Công ty Cổ phần Cao su Tây Ninh,STO,1353
TSC,HSX,STOCK,Kỹ thuật NN Cần Thơ,Công ty Cổ phần Vật tư Kỹ thuật Nông nghiệp Cần Thơ,STO,1357
TTA,HSX,STOCK,XD và PT Trường Thành,Công ty Cổ phần Đầu tư Xây dựng và Phát triển Trường Thành,STO,7535
TTE,HSX,STOCK,ĐT Năng lượng Trường Thịnh,Công ty Cổ phần Đầu tư Năng lượng Trường Thịnh,STO,7535
TTF,HSX,STOCK,Gỗ Trường Thành,Công ty Cổ phần Tập đoàn Kỹ nghệ Gỗ Trường Thành,STO,1733
TV2,HSX,STOCK,Tư vấn XD Điện 2,Công ty Cổ phần Tư vấn Xây dựng Điện 2,STO,2791
TVB,HSX,STOCK,Chứng khoán T-Cap,Công ty Cổ phần Chứng khoán T-Cap,STO,8777
TVS,HSX,STOCK,Chứng khoán Thiên Việt,Công ty Cổ phần Chứng khoán Thiên Việt,STO,8777
TVT,HSX,STOCK,May Việt Thắng,Tổng Công ty Việt Thắng - CTCP,STO,3763
TYA,HSX,STOCK,Dây và Cáp điện Taya,Công ty Cổ phần Dây và Cáp điện Taya Việt Nam,STO,2733
UIC,HSX,STOCK,Phát triển Nhà và Đô thị IDICO,Công ty Cổ phần Đầu tư Phát triển Nhà và Đô thị IDICO,STO,7535
VAB,HSX,STOCK,Ngân hàng Việt Á,Ngân hàng Thương mại Cổ phần Việt Á,STO,8355
VAF,HSX,STOCK,Phân lân Văn Điển,Công ty Cổ phần Phân lân nung chảy Văn Điển,STO,1357
VCA,HSX,STOCK,Thép VICASA - VNSTEEL,Công ty Cổ phần Thép VICASA - VNSTEEL,STO,1757
VCB,HSX,STOCK,Vietcombank,Ngân hàng Thương mại Cổ phần Ngoại thương Việt Nam,STO,8355
VCF,HSX,STOCK,VinaCafé Biên Hòa,Công ty Cổ phần VinaCafé Biên Hòa,STO,3537
VCG,HSX,STOCK,VINACONEX,Tổng Công ty Cổ phần Xuất nhập khẩu và Xây dựng Việt Nam,STO,2357
VCI,HSX,STOCK,Chứng khoán Vietcap,Công ty Cổ phần Chứng khoán Vietcap,STO,8777
VDP,HSX,STOCK,Dược phẩm VIDIPHA,Công ty Cổ phần Dược phẩm Trung ương VIDIPHA,STO,4577
VDS,HSX,STOCK,Chứng khoán Rồng Việt,Công ty Cổ phần Chứng khoán Rồng Việt,STO,8777
VFG,HSX,STOCK,Khử trùng Việt Nam,Công ty Cổ phần Khử trùng Việt Nam,STO,1357
VGC,HSX,STOCK,Tổng Công ty Viglacera,Tổng Công ty Viglacera - Công ty Cổ phần,STO,2353
VHC,HSX,STOCK,Thủy sản Vĩnh Hoàn,Công ty Cổ phần Vĩnh Hoàn,STO,3573
VHM,HSX,STOCK,Vinhomes,Công ty Cổ phần Vinhomes,STO,8633
VIB,HSX,STOCK,VIBBank,Ngân hàng Thương mại Cổ phần Quốc tế Việt Nam,STO,8355
VIC,HSX,STOCK,VinGroup,Tập đoàn Vingroup - Công ty CP,STO,8633
VID,HSX,STOCK,Viễn Đông,Công ty Cổ phần Đầu tư Phát triển Thương mại Viễn Đông,STO,1737
VIP,HSX,STOCK,Vận tải Xăng dầu VIPCO,Công ty Cổ phần Vận tải Xăng dầu VIPCO,STO,2773
VIX,HSX,STOCK,Chứng khoán VIX,Công ty Cổ phần Chứng khoán VIX,STO,8777
VJC,HSX,STOCK,Vietjet Air,Công ty Cổ phần Hàng không Vietjet,STO,5751
VMD,HSX,STOCK,Y Dược phẩm Vimedimex,Công ty Cổ phần Y Dược phẩm Vimedimex,STO,4577
VND,HSX,STOCK,Chứng khoán VNDIRECT,Công ty Cổ phần Chứng khoán VNDIRECT,STO,8777
VNE,HSX,STOCK,Xây dựng điện Việt Nam,Tổng Công ty Cổ phần Xây dựng điện Việt Nam,STO,2357
VNG,HSX,STOCK,DL Thành Thành Công,Công ty Cổ phần Du Lịch Thành Thành Công,STO,5753
VNL,HSX,STOCK,Vinalink Logistics,Công ty Cổ phần Logistics Vinalink,STO,2779
VNM,HSX,STOCK,VINAMILK,Công ty Cổ phần Sữa Việt Nam,STO,3577
VNS,HSX,STOCK,Ánh Dương Việt Nam,Công ty Cổ phần Ánh Dương Việt Nam,STO,5759
VOS,HSX,STOCK,Vận tải Biển Việt Nam,Công ty Cổ phần Vận tải Biển Việt Nam,STO,2773
VPB,HSX,STOCK,VPBank,Ngân hàng Thương mại Cổ phần Việt Nam Thịnh Vượng,STO,8355
VPD,HSX,STOCK,Phát triển Điện lực Việt Nam,Công ty Cổ phần Phát triển Điện lực Việt Nam,STO,7535
VPG,HSX,STOCK,Đầu tư TMại XNK Việt Phát,Công ty Cổ phần Đầu tư Thương mại Xuất nhập khẩu Việt Phát,STO,1775
VPH,HSX,STOCK,Vạn Phát Hưng,Công ty Cổ phần Vạn Phát Hưng,STO,8633
VPI,HSX,STOCK,Đầu tư Văn Phú - Invest,Công ty Cổ phần Phát triển Bất động sản Văn Phú,STO,8633
VPL,HSX,STOCK,Vinpearl ,Công ty Cổ phần Vinpearl,STO,5755
VPS,HSX,STOCK,Thuốc sát trùng Việt Nam,Công ty Cổ phần Thuốc sát trùng Việt Nam,STO,1357
VRC,HSX,STOCK,Bất động sản và Đầu tư VRC,Công ty Cổ phần Bất động sản và Đầu tư VRC,STO,8633
VRE,HSX,STOCK,Vincom Retail,Công ty Cổ phần Vincom Retail,STO,8633
VSC,HSX,STOCK,VICONSHIP,Công ty Cổ phần Container Việt Nam,STO,2777
VSH,HSX,STOCK,Thủy điện Vĩnh Sơn - Sông Hinh,Công ty Cổ phần Thủy điện Vĩnh Sơn - Sông Hinh,STO,7535
VSI,HSX,STOCK,Đầu tư và Xây dựng Cấp thoát nước,Công ty Cổ phần Đầu tư và Xây dựng Cấp thoát nước,STO,2357
VTB,HSX,STOCK,Viettronics Tân Bình,Công ty Cổ phần Viettronics Tân Bình,STO,2733
VTO,HSX,STOCK,VITACO,Công ty Cổ phần Vận tải Xăng dầu VITACO,STO,2773
VTP,HSX,STOCK,Bưu chính Viettel,Tổng Công ty Cổ phần Bưu chính Viettel,STO,2771
YBM,HSX,STOCK,Khoáng sản CN Yên Bái,Công ty Cổ phần Khoáng sản Công nghiệp Yên Bái,STO,1775
YEG,HSX,STOCK,Tập đoàn Yeah1,Công ty Cổ phần Tập đoàn Yeah1,STO,5553
